rental_id,station_zone,member_type,weather,temperature_c,humidity_pct,wind_speed_mps,distance_km,ride_duration_min,bike_age_months,late_return
R0001,공원,일일권,비,1.3336987391362047,0.9417259760447174,1.71164026346072,-0.03874572100272319,,0.5170363928085776,0
R0002,도심,월회원,흐림,0.06868783933351806,0.7840030162957977,0.9928990695556581,-0.5517217352671464,-0.4844537787447966,0.9749336979333314,0
R0003,공원,일일권,맑음,-0.05472785820820757,-0.418634551789712,-1.594569228502564,-0.5257012128044583,-0.4595719108997767,0.7917747758834299,0
R0004,공원,연회원,흐림,0.8863168355474498,0.9614413460133321,-0.8758280345975022,0.4482097707990119,0.19979758699325192,-0.12401983436607768,0
R0005,공원,월회원,맑음,-1.5202892665161982,-1.0758135507435425,-1.7383174672835766,-0.22832381323087966,-0.2149002104237472,1.7991488471578883,0
R0006,주거,월회원,비,0.9171707599328811,1.7960586746846972,2.28663321858477,0.09321550005805233,0.3781176398825616,-0.21559929539102843,1
R0007,도심,월회원,맑음,0.5160697429222729,0.015103587519816254,0.7054025919936338,-0.3026681631242743,-0.306133725855487,0.42545693178362687,0
R0008,대학가,일일권,비,-1.4123005311671886,1.5397588650927028,1.4241437858986956,-0.14096920210614092,-0.24807603421710717,0.24229800973372537,1
R0009,주거,연회원,비,-1.4585814177453353,1.3426051654065536,0.6335284726031272,-0.14468641960081063,0.13344593940653202,0.24229800973372537,0
R0010,대학가,연회원,흐림,0.006979990562654971,0.041390747477969385,-1.2351986315500332,-0.25434433569356774,-0.3932202633130569,,0
R0011,주거,월회원,맑음,-1.6128510396724924,-1.3123979903669212,1.4960179052892015,-0.35656781679698546,-0.16928345270787723,-0.7650760615407329,0
R0012,주거,월회원,흐림,0.30009227222425344,1.874920154559157,-0.9477021539880085,-0.4996806903417702,-0.5342175144348366,-0.21559929539102843,0
R0013,대학가,연회원,맑음,1.3954065879070672,-1.0560981807749272,0.058535517479077905,-0.3454161643129763,-0.4512779549514367,0.42545693178362687,0
R0014,공원,일일권,흐림,0.7783281001984396,-0.37263202186294364,-0.8758280345975022,-0.1799999858001731,-0.032433179560267644,1.0665131589582821,0
R0015,공원,연회원,맑음,0.577777591693136,-0.806370161172472,-0.6602056764259838,-0.27478903191425136,,0.7917747758834299,0
R0016,주거,일일권,맑음,-0.5175367239896783,0.42912635686072975,0.058535517479077905,0.10436715254206147,-0.04902109145694755,-0.5819171394908315,0
R0017,주거,일일권,맑음,-0.039300896015491665,-1.7724232896346024,-0.8758280345975022,-0.04989737348673248,-0.1858713646045573,-0.3071787564159792,0
R0018,주거,연회원,맑음,-1.1808960982764531,-0.4120627618001736,-0.6602056764259838,-0.46808434163707746,-0.4471309769772667,,0
R0019,주거,일일권,맑음,1.0251594952818908,-1.1415314506389256,-0.5883315570354777,10.127844126918998,-0.4844537787447966,0.5170363928085776,1
R0020,공원,월회원,비,-0.3632671020625214,1.8092022546637738,2.1428849798037573,0.01701254141732278,0.22882643281244183,0.05913908768382384,1
R0021,대학가,월회원,맑음,-0.9494916653857178,-0.12290400226048825,-2.0976880642361073,0.14153932748875883,0.021477534103942274,-0.8566555225656838,0
R0022,대학가,연회원,맑음,-0.9649186275784332,-0.6683625713921674,-0.22896096008294675,0.38129985589495663,0.3822646178567315,-0.4903376784658807,0
R0023,대학가,월회원,맑음,0.9017437977401652,,0.058535517479077905,-0.4309121666903801,-0.43883702102892674,-0.6734966005157822,0
R0024,대학가,일일권,맑음,0.6703393648494298,-0.20176548213494763,-0.1570868406924405,0.4686544670196953,0.4486162654434514,0.6086158538335283,0
R0025,도심,연회원,비,-1.1191882495055903,1.6514792949148542,0.2741578756505966,-0.3974572092383525,-0.33930954964884696,0.24229800973372537,0
R0026,주거,월회원,맑음,-0.11643570697907012,0.42912635686072975,-1.953939825455095,-0.07220067845475081,,-1.6808706717902406,0
R0027,도심,일일권,흐림,1.549676209834224,4.81251027988278,-0.5164574376449714,1.0764195273981967,1.1701904329490298,0.5170363928085776,0
R0028,도심,일일권,흐림,1.3182717769434888,1.0205874559191772,-0.1570868406924405,1.2065221397116375,8.390079085978984,-0.21559929539102843,0
R0029,주거,일일권,맑음,-1.5511431909016296,-0.661790781402629,0.20228375626009037,-0.18929302953684748,-0.2522230121912771,-1.0398144446155853,0
R0030,도심,월회원,흐림,0.7783281001984396,0.09396506739427564,-0.013338601911428017,0.18242871993012585,0.08782918169066219,-0.3071787564159792,0
R0031,대학가,일일권,흐림,-6.472344130377936,0.32397771702811634,-0.5883315570354777,-0.06848346096008108,0.038065446000622324,-1.3145528276904375,0
R0032,공원,일일권,흐림,0.3155192344169688,0.7642876463271829,-0.5164574376449714,1.2306840534269905,1.08310389549146,0.24229800973372537,0
R0033,도심,월회원,맑음,-0.4404019130260999,-0.27405517201986906,-0.5883315570354777,-0.32497146809229277,-0.31028070382965706,-0.21559929539102843,0
R0034,도심,월회원,흐림,1.9044963402666857,1.0731617758354834,-0.6602056764259838,-0.2692132056722467,-0.2522230121912771,-1.0398144446155853,0
R0035,공원,연회원,맑음,0.1612496124898119,0.35683666697580785,-0.013338601911428017,-0.501539299089105,-0.4222491091322468,-0.21559929539102843,0
R0036,대학가,연회원,맑음,0.3772270831878319,-0.7209368913084736,-1.091450392769021,-0.6669554776019082,-0.7747422369366961,0.9749336979333314,0
R0037,대학가,월회원,맑음,0.5314967051149888,-1.3386851503250747,-0.22896096008294675,-0.04803876473939765,-0.0821969152503075,-0.9482349835906345,0
R0038,주거,월회원,맑음,-0.5946715349532568,-0.9312341709736996,0.6335284726031272,0.3032382885068923,0.2454143447091219,-1.497711749740339,0
R0039,도심,일일권,맑음,-0.3632671020625214,-0.32662949193617535,1.1366473083366706,-0.3918813829963479,-0.32686861572633696,-0.12401983436607768,0
R0040,공원,월회원,맑음,0.3155192344169688,3.682162401682191,0.20228375626009037,0.23632837360283698,0.07124126979398214,0.1507185487087746,0
R0041,대학가,일일권,맑음,-0.023873933822776302,0.5079878367351897,-0.22896096008294675,0.061619151353359616,0.03391846802645228,1.9823077692077897,0
R0042,주거,월회원,맑음,0.13039568810438062,-1.115244290680772,-1.1633245121595268,-0.3398403380709716,-0.5134826245639865,,0
R0043,주거,월회원,맑음,-0.5175367239896783,-0.6420754114340143,-1.4508209897215516,0.9964993512627974,0.7845214813512208,-0.8566555225656838,0
R0044,주거,월회원,맑음,-0.4095479886406686,0.16625475727919756,0.20228375626009037,-0.23575824822021915,-0.21075323244957717,0.42545693178362687,0
R0045,도심,월회원,흐림,-1.9213902835268062,0.32397771702811634,-0.300835079473453,-0.3677194692809947,-0.1983122985270673,-1.58929121076529,0
R0046,주거,일일권,흐림,-1.0574804007347276,0.015103587519816254,0.13040963686958415,-0.16513111582149415,-0.01999224563775764,0.6086158538335283,0
R0047,주거,일일권,흐림,1.6268110207978026,0.5671339466410338,0.13040963686958415,-0.557297561509151,-0.5134826245639865,2.4402050743325434,0
R0048,주거,월회원,맑음,0.7320472136202929,,1.4241437858986956,-0.4104674704696966,-0.09878482714698741,,0
R0049,도심,월회원,맑음,-0.5021097617969624,-0.4514935017374035,-0.22896096008294675,0.07277080383736875,0.03391846802645228,0.8833542369083807,0
R0050,도심,연회원,,-0.05472785820820757,-0.5369267716014013,-1.6664433478930702,-0.12610033212746197,-0.09049087119864746,-1.2229733666654867,0
R0051,도심,일일권,맑음,1.1022943062454693,-0.6420754114340143,0.7054025919936338,-0.585176692719174,-0.4222491091322468,-0.5819171394908315,0
R0052,주거,월회원,흐림,-0.5175367239896783,-0.5829293015281696,0.7054025919936338,-0.19486885577885205,-0.4429839990030967,1.0665131589582821,0
R0053,대학가,월회원,흐림,0.5314967051149888,0.8234337562330281,-0.4445833182544651,-0.3026681631242743,-0.272957902062127,-1.7724501328151914,0
R0054,도심,연회원,흐림,0.7320472136202929,,-0.803953915206996,-0.4866704291104261,-0.6088631179698963,0.42545693178362687,0
R0055,도심,월회원,맑음,-0.39412102644795266,-0.33320128192571374,1.0647731889461647,-0.4476396454163939,-0.5217765805123266,1.0665131589582821,0
R0056,주거,월회원,흐림,-1.0111995141565804,1.1388796757308666,2.717877934927807,0.16384263245677724,0.2620022566058018,0.7001953148584792,0
R0057,공원,월회원,비,-2.8624349772824633,1.730340774789314,1.352269666508189,-0.4290535579430453,-0.4015142192613968,-1.3145528276904375,0
R0058,대학가,일일권,비,-0.05472785820820757,0.12025222735242923,-0.1570868406924405,0.2567730698235206,0.27029621255414177,-0.7650760615407329,0
R0059,주거,월회원,맑음,-0.30155925329165884,-1.0758135507435425,-2.1695621836266135,-0.4271949491957104,-0.3558974615455269,0.1507185487087746,0
R0060,주거,월회원,맑음,0.43893493195869443,-1.608128539896145,-0.803953915206996,-0.5480045177724767,-0.5549524043056865,-0.5819171394908315,0
R0061,주거,월회원,맑음,0.1766765746825278,-0.4514935017374035,-0.9477021539880085,-0.2190307694942053,-0.35175048357135696,-0.4903376784658807,0
R0062,도심,일일권,맑음,0.8400359489693027,-0.0506143123755668,-1.953939825455095,0.515119685703067,0.4776451112626415,-0.39875821744092993,0
R0063,대학가,월회원,맑음,1.7965076049176754,-0.5697857215490928,-1.7383174672835766,-0.46808434163707746,-0.32272163775216695,-0.4903376784658807,0
R0064,대학가,일일권,흐림,0.9480246843183123,0.6394236365259557,-1.1633245121595268,-0.5349942565411326,7.589712336964176,1.3412515420331343,0
R0065,도심,월회원,흐림,-1.2271769848546001,0.3502648769862699,0.7772767113841397,-0.3528505993023157,-0.028286201586097594,0.6086158538335283,0
R0066,주거,일일권,맑음,1.580530134219656,-1.6607028598124516,-1.0195762733785145,-0.31381981560828354,-0.17343043068204728,-0.4903376784658807,0
R0067,주거,월회원,흐림,-1.1654691360837373,-0.0571861023651052,-0.4445833182544651,-0.45879129790040307,-0.4015142192613968,-0.5819171394908315,0
R0068,공원,일일권,맑음,-0.3632671020625214,-0.24119622207217756,-1.091450392769021,-0.31939564185028807,-0.314427681803827,0.24229800973372537,0
R0069,주거,연회원,맑음,0.3463731588024006,-0.49092424167463294,-1.7383174672835766,0.004002280185978661,0.05465335789730223,0.05913908768382384,0
R0070,대학가,일일권,흐림,-0.08558178259363886,0.5605621566514959,-0.300835079473453,-0.48109460286842154,-0.4139551531839068,0.6086158538335283,0
R0071,공원,월회원,흐림,-0.640952421531404,0.5211314167142654,-1.0195762733785145,-0.06848346096008108,-0.16513647473370735,0.42545693178362687,0
R0072,도심,월회원,맑음,1.3645526635216358,-1.2926826203983064,1.352269666508189,0.7046977779312233,0.726463789712841,2.348625613307593,0
R0073,도심,일일권,맑음,-0.4095479886406686,-1.2663954604401533,-1.2351986315500332,-0.5257012128044583,-0.7747422369366961,0.05913908768382384,0
R0074,도심,월회원,맑음,2.0741929243865576,-0.2871987519989459,-1.2351986315500332,-0.5275598215517932,-0.314427681803827,0.6086158538335283,0
R0075,공원,연회원,맑음,-0.16271659355721732,,0.7054025919936338,0.15269097997276795,0.058800335871472285,0.7917747758834299,0
R0076,도심,연회원,비,-1.1808960982764531,0.9154388160865637,1.2085214277271772,-0.12795894087479687,-0.08634389322447741,-1.2229733666654867,0
R0077,도심,월회원,맑음,1.6113840586050867,-0.4317781317687883,-0.4445833182544651,-0.20416189951552635,-0.12366669499200743,-0.39875821744092993,0
R0078,도심,일일권,흐림,1.0868673440527534,0.2516880271431953,-2.1695621836266135,0.03188141139600173,0.2993250583733317,0.7917747758834299,0
R0079,도심,일일권,흐림,-0.7643681190731296,0.7905748062853366,-1.594569228502564,0.4537855970410164,0.4195874196242613,0.7001953148584792,0
R0080,주거,월회원,흐림,0.48521581853684165,0.3042623470595016,-0.5883315570354777,-0.39559860049101764,-0.5466584483573466,-1.3145528276904375,0
R0081,도심,일일권,맑음,0.1612496124898119,-1.220392930513385,-1.3789468703310455,-0.3454161643129763,-0.48860075671896663,1.2496720810081836,0
R0082,대학가,일일권,흐림,0.20753049906795906,-0.0506143123755668,0.13040963686958415,-0.4216191229537058,-0.4637188888739467,0.7001953148584792,0
R0083,도심,일일권,비,-1.7054128128287864,1.4740409651973196,-0.08521272130193426,1.0801367448928667,1.1453085651040098,-0.3071787564159792,1
R0084,공원,월회원,흐림,-0.4095479886406686,0.4948442567561128,0.058535517479077905,-0.02387685102404424,0.025624512078112324,-1.497711749740339,0
R0085,공원,연회원,맑음,1.071440381860038,-0.6552189914130906,1.1366473083366706,-0.12795894087479687,-0.32272163775216695,0.5170363928085776,0
R0086,대학가,연회원,흐림,0.11496872591166525,-0.6420754114340143,0.2741578756505966,-0.05733180847607195,-0.028286201586097594,-0.39875821744092993,0
R0087,대학가,일일권,맑음,1.3182717769434888,-1.3846876802518426,-1.0195762733785145,0.05046749886935033,-0.13610762891451741,-1.6808706717902406,0
R0088,공원,월회원,맑음,-0.4095479886406686,-0.5434985615909397,-0.013338601911428017,-0.07777650469675547,-0.0034043337410775867,-0.9482349835906345,0
R0089,공원,월회원,맑음,-2.137367754224826,-0.3463448619047905,0.8491508307746463,-0.1316761583694666,-0.37663235141637685,-0.8566555225656838,0
R0090,주거,월회원,맑음,0.05326087714080215,-1.7198489697182961,0.7054025919936338,0.769749084087944,0.6269363183327609,-1.9556090548650928,0
R0091,공원,일일권,흐림,-0.10100874478635476,0.5145596267247275,-0.08521272130193426,-0.21345494325220074,-0.11537273904366747,0.24229800973372537,0
R0092,대학가,일일권,맑음,0.3309461966096847,-0.5895010915177076,-0.22896096008294675,0.6861116904578747,0.5564376927718713,1.3412515420331343,0
R0093,주거,일일권,비,-0.980345589771149,1.4806127551868586,0.6335284726031272,-0.05361459098140214,-0.024139223611927545,0.42545693178362687,0
R0094,주거,일일권,맑음,-1.3197387580108941,-0.32662949193617535,-1.091450392769021,-0.21717216074687046,-0.3932202633130569,0.7917747758834299,0
R0095,도심,일일권,맑음,0.13039568810438062,0.6328518465364169,-0.013338601911428017,-0.2023032907681915,-0.24807603421710717,-1.6808706717902406,0
R0096,공원,연회원,흐림,-0.9032107788075706,1.736912564778852,-0.1570868406924405,0.20473202489814427,0.16247478522572206,-1.3145528276904375,0
R0097,주거,연회원,비,-0.4404019130260999,1.947209844444078,1.8553885022417322,1.1098744848502242,1.2614239483807699,-0.9482349835906345,0
R0098,도심,연회원,비,-0.13186266917178605,1.184882205657635,1.71164026346072,-0.2617787706829072,-0.2024592765012372,-0.9482349835906345,0
R0099,도심,일일권,비,-1.2271769848546001,2.0326431143080756,1.352269666508189,0.06533636884802928,0.025624512078112324,-0.3071787564159792,0
R0100,공원,일일권,맑음,-0.5329636861823942,-0.017755362427875274,1.4960179052892015,-0.14654502834814556,-0.21075323244957717,-0.12401983436607768,0
R0101,도심,월회원,맑음,0.3463731588024006,-0.3200577019466374,-1.1633245121595268,-0.22460659573620995,-0.4222491091322468,1.3412515420331343,0
R0102,공원,연회원,맑음,1.410833550099783,-0.35948844188386686,0.48978023382211505,-0.4271949491957104,-0.32272163775216695,-0.9482349835906345,0
R0103,주거,연회원,흐림,0.23838442345339034,0.12682401734196716,-0.8758280345975022,-0.07591789594942056,0.004889622207262367,-1.4061322887153882,0
R0104,도심,월회원,맑음,-0.14728963136450193,,0.5616543532126212,-0.46622573288974256,-0.272957902062127,-1.3145528276904375,0
R0105,주거,월회원,맑음,-0.13186266917178605,-0.03747073239649,-1.3789468703310455,0.06347776010069445,-0.24807603421710717,-0.03244037334112692,0
R0106,대학가,,맑음,-0.1781435557499332,-1.732992549697373,1.4960179052892015,0.3459862896955941,0.27029621255414177,-0.21559929539102843,0
R0107,도심,월회원,맑음,0.6857663270421457,-0.39234739183155837,-0.6602056764259838,-0.21531355199953556,-0.011698289689417687,0.05913908768382384,0
R0108,도심,월회원,맑음,0.9634516465110283,0.25825981713273327,-1.0195762733785145,-0.4550740804057334,-0.4429839990030967,0.05913908768382384,0
R0109,주거,연회원,맑음,0.9017437977401652,0.3042623470595016,0.7772767113841397,0.3961687258736356,0.5315558249268513,-1.4061322887153882,0
R0110,대학가,월회원,맑음,-0.27070532890622706,0.14653938731058283,-1.3070727509405393,0.6842530817105399,0.5398497808751913,-0.21559929539102843,0
R0111,주거,일일권,맑음,-0.5638176105678255,-1.2335365104924618,0.20228375626009037,-0.45321547165839854,8.423254909772345,0.42545693178362687,0
R0112,주거,월회원,흐림,-0.1781435557499332,0.4619853068084213,0.2741578756505966,0.3162485497382362,0.16247478522572206,0.42545693178362687,0
R0113,대학가,월회원,흐림,0.06868783933351806,0.3305495070176552,-0.6602056764259838,0.024446976406662255,0.17076874117406202,-1.7724501328151914,0
R0114,도심,월회원,흐림,-0.47125583741153115,0.6985697464317999,0.48978023382211505,-0.37143668677566444,-0.5134826245639865,0.8833542369083807,0
R0115,주거,연회원,맑음,-0.5329636861823942,0.3174059270385784,0.13040963686958415,0.5039680332190579,0.4320283535467715,1.7991488471578883,0
R0116,주거,월회원,맑음,-0.05472785820820757,-0.09661684230233465,0.9928990695556581,0.009578106427983306,-0.036580157534437545,1.1580926199832329,0
R0117,공원,월회원,맑음,-0.11643570697907012,-0.10976042228141145,-1.5226951091120577,-0.4866704291104261,-0.38492630736471684,-1.3145528276904375,0
R0118,공원,월회원,흐림,2.182181659735568,0.26483160712227216,-1.3070727509405393,-0.31381981560828354,-0.11122576106949741,-0.03244037334112692,0
R0119,도심,연회원,맑음,-0.6563793837241193,0.7314286963794915,-0.7320797958164897,0.07462941258470357,-0.17757740865621735,-1.131393905640536,0
R0120,주거,,맑음,-0.3478401398698055,-1.286110830408768,1.639766144070214,-0.42533634044837554,-0.7249785012466562,-0.9482349835906345,0
R0121,도심,일일권,흐림,0.577777591693136,0.1136804373628913,0.48978023382211505,-0.19301024703151723,,0.24229800973372537,0
R0122,공원,일일권,맑음,1.4725413988706457,-1.5555542199798387,0.13040963686958415,0.048608890122015504,-0.16513647473370735,1.4328310030580853,1
R0123,공원,월회원,맑음,-0.47125583741153115,0.5211314167142654,0.48978023382211505,-0.04246293849739301,0.16247478522572206,-0.3071787564159792,0
R0124,주거,연회원,흐림,4.6196416861846465,-0.24776801206171595,1.4960179052892015,-0.2636373794302421,-0.11951971701783737,0.33387747075867613,0
R0125,주거,연회원,흐림,-0.3169862154843742,1.1191643057622518,-0.300835079473453,-0.4011744267330222,-0.5176296025381566,2.257046152282642,0
R0126,주거,월회원,비,-0.779795081265845,0.8497209161911807,1.5678920246797081,-0.09636259217010415,-0.19001834257872718,-0.39875821744092993,0
R0127,주거,연회원,흐림,-0.779795081265845,-0.6749343613817058,0.8491508307746463,-0.49410486409976556,-0.272957902062127,2.1654666912576914,0
R0128,도심,,흐림,-1.5665701530943454,0.553990366661957,-0.3727091988639589,-0.488529037857761,-0.4056611972355668,-0.12401983436607768,0
R0129,도심,연회원,흐림,0.5006427807295576,2.0917892242139207,0.20228375626009037,0.8143556940239804,0.7181698337645008,-0.8566555225656838,1
R0130,대학가,월회원,맑음,-0.30155925329165884,-0.45806529172694144,-1.0195762733785145,0.16384263245677724,0.08782918169066219,0.9749336979333314,0
R0131,공원,연회원,맑음,-0.008446971630060392,-0.6026446714967844,0.058535517479077905,-0.4123260792170314,-0.6254510298665764,0.5170363928085776,0
R0132,대학가,월회원,,-0.11643570697907012,0.7117133264108767,-0.300835079473453,-0.46622573288974256,-0.37663235141637685,1.0665131589582821,0
R0133,대학가,연회원,흐림,0.361800120995116,1.0665899858459456,-1.2351986315500332,-0.21717216074687046,-0.2771048800362971,0.6086158538335283,0
R0134,주거,연회원,맑음,-0.8260759678439922,0.03481895748843145,0.13040963686958415,0.09879132630005683,-0.16098949675953728,0.1507185487087746,0
R0135,주거,일일권,비,-1.5665701530943454,0.7445722763585683,0.3460319950411029,0.024446976406662255,0.26614923457997186,-0.8566555225656838,0
R0136,도심,일일권,맑음,-0.6872333081095512,-0.3200577019466374,0.2741578756505966,0.08206384757404304,0.0007426442330923162,0.33387747075867613,0
R0137,주거,일일권,비,-0.5483906483751096,0.5277032067038043,0.3460319950411029,-0.03502850350805353,0.17906269712240197,-0.5819171394908315,0
R0138,주거,월회원,흐림,-1.2271769848546001,-0.2871987519989459,-1.3070727509405393,-0.34169894681830654,-0.4429839990030967,0.1507185487087746,0
R0139,도심,월회원,비,-0.7952220434585608,1.526615285113627,0.8491508307746463,0.37758263840028683,0.3490887940633717,2.5317845353574944,0
R0140,주거,일일권,맑음,0.7474741758130082,0.2516880271431953,0.2741578756505966,-0.4011744267330222,-0.33516257167467695,0.24229800973372537,0
R0141,대학가,일일권,맑음,-0.1781435557499332,-1.7264207597078347,-1.3789468703310455,0.19543898116146996,0.21638549888993183,1.6159899251079868,0
R0142,도심,연회원,흐림,0.39265404538054727,-0.8260855311410866,-0.08521272130193426,0.23075254736083234,0.1417398953548721,0.5170363928085776,0
R0143,주거,월회원,,-0.08558178259363886,-1.2795390404192295,-0.5883315570354777,-0.5461459090251418,,1.3412515420331343,0
R0144,대학가,연회원,비,1.3182717769434888,1.730340774789314,1.8553885022417322,-0.48295321161575644,-0.285398835984637,-0.4903376784658807,0
R0145,대학가,일일권,맑음,0.26923834783882217,-1.430690210178611,1.1366473083366706,-0.49410486409976556,-0.4637188888739467,-1.131393905640536,0
R0146,대학가,월회원,비,-0.30155925329165884,1.6777664548730078,1.2085214277271772,0.7604560403512695,0.7430517016095208,-0.4903376784658807,0
R0147,대학가,일일권,흐림,1.210283041594479,0.4948442567561128,-0.22896096008294675,0.39059289963163096,0.4444692874692814,-0.4903376784658807,0
R0148,대학가,연회원,흐림,-0.7335141946876977,-1.0100956508481596,-1.7383174672835766,-0.3695780780283295,-0.21904718839791726,-0.7650760615407329,0
R0149,대학가,일일권,흐림,-1.6591319262506397,0.06767790743612298,0.058535517479077905,-0.09636259217010415,-0.14440158486285737,1.4328310030580853,0
R0150,공원,일일권,,-0.42497495083338394,-1.0232392308272358,1.9272626216322388,-0.35656781679698546,,-1.131393905640536,0
R0151,대학가,연회원,맑음,0.48521581853684165,-1.3123979903669212,-0.22896096008294675,-0.08335233093876003,-0.0697559813277975,0.05913908768382384,0
R0152,공원,월회원,맑음,0.28466531003153756,-0.9706649109109295,-0.1570868406924405,-0.57216643148783,-0.5673933382281965,-0.5819171394908315,0
R0153,공원,월회원,맑음,-0.5792445727605409,,-1.091450392769021,0.09507410880538716,0.12515198345819206,0.7917747758834299,0
R0154,주거,연회원,비,-1.0883343251201587,1.5397588650927028,0.2741578756505966,-0.614914432676532,-0.4927477346931366,-1.2229733666654867,0
R0155,주거,일일권,흐림,-0.4404019130260999,-0.07690147233371993,-0.803953915206996,0.3106727234962317,0.3490887940633717,1.3412515420331343,0
R0156,공원,월회원,맑음,1.3028448147507734,0.041390747477969385,0.13040963686958415,0.1694184586987819,0.22882643281244183,0.6086158538335283,0
R0157,대학가,연회원,흐림,1.595957096412372,0.7708594363167218,-0.22896096008294675,-0.34169894681830654,-0.285398835984637,-1.9556090548650928,0
R0158,주거,월회원,맑음,1.1177212684381852,-0.3463448619047905,-0.803953915206996,-0.4699429503844123,-0.4595719108997767,2.0738872302327405,0
R0159,공원,연회원,비,-0.8877838166148547,1.9866405843813082,0.5616543532126212,2.370011215543264,2.6713964595985664,-1.131393905640536,1
R0160,도심,연회원,흐림,0.09954176371894934,0.42912635686072975,-0.9477021539880085,0.12295324001541023,-0.024139223611927545,0.33387747075867613,0
R0161,도심,일일권,흐림,-0.5021097617969624,0.08739327740473771,-0.6602056764259838,-0.13911059335880607,-0.14025460688868732,-0.7650760615407329,0
R0162,공원,연회원,흐림,-0.13186266917178605,0.61970826655734,-0.5164574376449714,-0.4420638191743893,-0.4222491091322468,0.7917747758834299,0
R0163,주거,월회원,흐림,0.05326087714080215,1.4214666452810134,-0.3727091988639589,-0.43462938418504987,-0.3724853734422069,-0.4903376784658807,0
R0164,주거,일일권,맑음,-0.8260759678439922,-1.391259470241381,-0.300835079473453,0.10994297878406611,-0.11122576106949741,1.2496720810081836,0
R0165,공원,월회원,맑음,-0.10100874478635476,,-0.5164574376449714,-0.46808434163707746,-0.4554249329256067,-0.7650760615407329,0
R0166,도심,월회원,비,0.8246089867765868,1.1585950456994814,0.7772767113841397,0.09507410880538716,-0.007551311715247637,-0.03244037334112692,0
R0167,공원,월회원,흐림,-1.1500421738910216,0.8234337562330281,0.058535517479077905,0.24933863483418112,0.18320967509657202,-0.3071787564159792,0
R0168,도심,연회원,흐림,-0.039300896015491665,0.17939833725827437,-0.6602056764259838,-0.0814937221914252,-0.0821969152503075,0.7917747758834299,0
R0169,공원,월회원,맑음,-0.10100874478635476,0.5211314167142654,0.48978023382211505,-0.600045562697853,-0.4512779549514367,-1.58929121076529,0
R0170,도심,연회원,맑음,-1.2888848336254628,-1.5489824299903001,1.639766144070214,0.14339793623609365,0.20394456496742197,0.7001953148584792,1
R0171,대학가,월회원,맑음,0.05326087714080215,4.0501826410963355,-0.9477021539880085,-0.41418468796436636,-0.42639608710641674,1.1580926199832329,0
R0172,도심,월회원,비,0.006979990562654971,1.802630464674235,1.8553885022417322,-0.4699429503844123,-0.19416532055289726,0.5170363928085776,0
R0173,공원,,맑음,-0.980345589771149,-1.5292670600216856,-0.8758280345975022,0.015153932669987952,-0.14854856283702728,-1.2229733666654867,0
R0174,대학가,일일권,,-1.1500421738910216,2.1772224940779186,0.9210249501651522,-0.23389963947288422,10.061311209569492,-0.3071787564159792,0
R0175,대학가,월회원,맑음,0.3309461966096847,-1.2729672504296916,1.8553885022417322,-0.10007980966477388,0.029771490052282225,-0.8566555225656838,0
R0176,대학가,일일권,맑음,-0.47125583741153115,-0.7209368913084736,0.9210249501651522,-0.08892815718076467,-0.2397820782687672,0.42545693178362687,0
R0177,대학가,연회원,맑음,0.20753049906795906,-0.7340804712875505,-1.7383174672835766,-0.15583807208481984,-0.22319416637208717,-0.39875821744092993,0
R0178,도심,일일권,맑음,-0.5946715349532568,-0.35948844188386686,0.13040963686958415,-0.03131128601338371,-0.16513647473370735,,0
R0179,대학가,월회원,맑음,-1.1500421738910216,-0.5632139315595545,0.8491508307746463,-0.2692132056722467,-0.2688109240879571,-1.2229733666654867,0
R0180,공원,연회원,맑음,-0.23985140452079576,0.2319726571745806,-0.8758280345975022,0.005860888933313487,0.1044170935873421,-0.39875821744092993,0
R0181,도심,연회원,흐림,0.06868783933351806,0.16625475727919756,-2.0976880642361073,-0.21717216074687046,-0.2895458139588071,-0.5819171394908315,0
R0182,주거,일일권,맑음,0.2538113856461063,-1.003523860858621,-0.7320797958164897,0.08020523882670821,0.14588687332904202,-0.7650760615407329,0
R0183,대학가,연회원,흐림,-0.14728963136450193,4.313054240677869,0.48978023382211505,0.6582325592478518,0.6725530760486309,-0.21559929539102843,0
R0184,주거,일일권,비,-1.0420534385420117,1.3491769553960924,0.2741578756505966,0.08763967381604769,0.21638549888993183,-0.7650760615407329,0
R0185,대학가,연회원,흐림,0.4543618941514104,0.3305495070176552,0.3460319950411029,-0.3807297305123387,-0.29783976990714706,0.1507185487087746,0
R0186,공원,일일권,비,-2.7853001663188848,1.4280384352705524,1.352269666508189,0.1675598499514469,0.11271104953568205,0.42545693178362687,0
R0187,대학가,일일권,맑음,0.855462911162018,-0.8392291111201634,-0.5883315570354777,-0.46436712414240766,-0.5176296025381566,1.4328310030580853,0
R0188,도심,월회원,맑음,-0.5175367239896783,-0.1886219021558713,0.3460319950411029,0.26049028731819024,0.22053247686410188,0.42545693178362687,0
R0189,대학가,연회원,흐림,1.9353502646521163,0.17282654726873548,-0.7320797958164897,-0.24690990070422827,-0.20660625447540726,-0.03244037334112692,0
R0190,주거,일일권,맑음,0.39265404538054727,-0.14261937222910298,-2.1695621836266135,0.1359635012467542,0.038065446000622324,2.714943457407396,0
R0191,공원,월회원,맑음,0.8091820245838713,,-0.300835079473453,-0.5071151253311097,-0.6047161399957264,0.7917747758834299,0
R0192,도심,일일권,흐림,1.071440381860038,0.22540086718504174,-2.0976880642361073,0.05232610761668515,-0.04902109145694755,-0.21559929539102843,0
R0193,대학가,연회원,,0.4235079697659791,0.5211314167142654,-0.803953915206996,-0.47180155913174715,-0.3476035055971869,-0.12401983436607768,0
R0194,대학가,월회원,맑음,-0.779795081265845,-1.0758135507435425,-0.7320797958164897,-0.11494867964345275,-0.036580157534437545,0.33387747075867613,0
R0195,도심,일일권,맑음,0.08411480152623343,-0.5697857215490928,0.9928990695556581,-0.2915165106402651,-0.301986747881317,0.6086158538335283,0
R0196,공원,월회원,흐림,1.210283041594479,-0.10976042228141145,0.9928990695556581,-0.34169894681830654,-0.5134826245639865,-0.5819171394908315,0
R0197,공원,월회원,흐림,1.5033953232560775,-0.0440425223860284,0.2741578756505966,-0.47366016787908205,,-0.39875821744092993,0
R0198,도심,일일권,맑음,-0.039300896015491665,-0.6026446714967844,0.5616543532126212,-0.43648799293238477,-0.4512779549514367,0.5170363928085776,0
R0199,도심,월회원,비,-0.8723568544221393,1.2966026354797862,1.352269666508189,0.28093498353887386,0.30761901432167177,-0.9482349835906345,0
R0200,주거,월회원,맑음,1.0251594952818908,-1.003523860858621,-0.013338601911428017,-0.20602050826286125,-0.2771048800362971,-1.131393905640536,0
R0201,공원,월회원,,-0.13186266917178605,0.2451162371536574,-0.300835079473453,1.0652678749141877,0.5315558249268513,2.0738872302327405,0
R0202,도심,월회원,흐림,-0.640952421531404,,1.1366473083366706,-0.1707069420634988,-0.028286201586097594,-0.39875821744092993,0
R0203,대학가,일일권,맑음,0.39265404538054727,-1.286110830408768,0.48978023382211505,-0.14096920210614092,-0.1983122985270673,-0.4903376784658807,0
R0204,도심,일일권,맑음,0.6394854404639986,-0.7866547912038567,-0.300835079473453,0.3255415934749107,0.2910311024249917,-0.12401983436607768,0
R0205,도심,월회원,흐림,-0.05472785820820757,0.7182851164004146,0.4179061144316088,0.27535915729686916,0.22882643281244183,-0.21559929539102843,0
R0206,도심,월회원,맑음,2.182181659735568,-1.3123979903669212,0.2741578756505966,-0.04803876473939765,-0.10707878309532737,-1.4061322887153882,0
R0207,공원,월회원,맑음,-0.023873933822776302,0.05453432745704618,1.7835143828512263,-0.2915165106402651,,-1.131393905640536,0
R0208,도심,월회원,맑음,-0.47125583741153115,-1.2532518804610764,1.4960179052892015,-0.2115963345048658,-0.14440158486285737,1.6159899251079868,0
R0209,공원,연회원,흐림,0.02240695275537088,0.4619853068084213,-0.5883315570354777,-0.46808434163707746,-0.1568425187853674,0.7917747758834299,0
R0210,주거,일일권,맑음,1.719372793954097,-0.5040678216537098,-1.2351986315500332,0.5244127294397413,0.3366478601408617,-0.8566555225656838,0
R0211,주거,연회원,흐림,1.056013419667322,0.25825981713273327,-0.5883315570354777,-0.4011744267330222,-0.43883702102892674,-0.8566555225656838,0
R0212,도심,연회원,맑음,-0.42497495083338394,-1.0166674408376974,0.13040963686958415,-0.4179019054590361,-0.4637188888739467,-0.3071787564159792,0
R0213,대학가,연회원,흐림,-0.05472785820820757,0.18597012724781228,0.058535517479077905,-0.22274798698887502,-0.2563699901654471,0.42545693178362687,0
R0214,도심,연회원,맑음,-0.5021097617969624,-1.1415314506389256,-0.3727091988639589,-0.34169894681830654,-0.318574659777997,-0.4903376784658807,0
R0215,대학가,연회원,맑음,1.0868673440527534,-0.3792038118524821,-1.3789468703310455,-0.1688483333161639,-0.36419141749386685,-0.12401983436607768,0
R0216,공원,일일권,맑음,-0.6563793837241193,-0.3069141219675606,0.058535517479077905,-0.33612312057630195,9.779316707325933,1.2496720810081836,0
R0217,공원,일일권,흐림,-0.9340647031930018,-1.562126009969377,0.48978023382211505,-0.3156784243556184,-0.17343043068204728,0.42545693178362687,0
R0218,대학가,월회원,맑음,-0.42497495083338394,-2.101012789111518,-0.3727091988639589,-0.3435575555656413,-0.3807793293905469,-0.8566555225656838,0
R0219,주거,연회원,맑음,-0.5792445727605409,-0.9969520708690827,0.13040963686958415,-0.40489164422769197,-0.21904718839791726,-0.03244037334112692,0
R0220,도심,월회원,맑음,1.1485751928236165,-0.1623347421977177,-0.08521272130193426,-0.2413340744622237,-0.3600444395196969,-0.21559929539102843,0
R0221,주거,월회원,맑음,-0.9957725519638649,-0.09661684230233465,0.5616543532126212,0.1657012412041121,0.26614923457997186,0.5170363928085776,0
R0222,주거,연회원,맑음,-0.30155925329165884,0.4356981468502677,-0.013338601911428017,0.39431011712630076,0.2993250583733317,-0.03244037334112692,1
R0223,주거,월회원,비,-0.039300896015491665,1.0140156659296384,-0.08521272130193426,-0.22832381323087966,-0.01584526766358759,0.42545693178362687,0
R0224,공원,월회원,맑음,-0.2552783667135117,0.9088670260970259,1.352269666508189,-0.2599201619355724,-0.2273411443462572,1.9823077692077897,0
R0225,주거,연회원,맑음,0.40808100757326315,-0.8523726910992397,0.7772767113841397,0.18986315491946532,0.01733055612977237,-1.3145528276904375,0
R0226,주거,월회원,흐림,-0.2244244423280804,0.5408467866828811,0.7054025919936338,-0.05361459098140214,-0.23148812232042712,0.5170363928085776,1
R0227,공원,월회원,맑음,-0.16271659355721732,0.8497209161911807,0.6335284726031272,-0.14468641960081063,-0.31028070382965706,-0.7650760615407329,0
R0228,도심,월회원,맑음,0.06868783933351806,-1.949861619352137,1.0647731889461647,-0.12795894087479687,-0.3600444395196969,-1.497711749740339,0
R0229,대학가,일일권,흐림,0.5623506295004201,-0.09004505231279672,-0.803953915206996,0.035598628890671384,0.17906269712240197,-1.497711749740339,0
R0230,도심,일일권,비,-0.14728963136450193,2.3218018738477615,0.8491508307746463,-0.3175370331029533,-0.13610762891451741,-0.8566555225656838,0
R0231,대학가,월회원,흐림,-1.5202892665161982,0.6854261664527231,-2.1695621836266135,0.09321550005805233,-0.01999224563775764,0.05913908768382384,0
R0232,대학가,일일권,흐림,1.2257100037871949,1.0074438759401005,-1.3789468703310455,-0.22646520448354476,0.07538824776815219,-1.2229733666654867,0
R0233,도심,연회원,맑음,0.716620251427577,-0.7472240512666273,0.5616543532126212,-0.4309121666903801,-0.26051696813961717,-0.9482349835906345,0
R0234,도심,월회원,맑음,-1.581997115287061,0.38312382693396146,1.0647731889461647,0.6954047341945492,0.4983800011334914,0.6086158538335283,0
R0235,도심,일일권,맑음,1.1485751928236165,-0.10976042228141145,1.352269666508189,-0.28594068439826054,-0.306133725855487,2.348625613307593,0
R0236,주거,일일권,맑음,0.8708898733547339,-1.049526390785389,0.7772767113841397,-0.012725198540035114,-0.01584526766358759,0.5170363928085776,0
R0237,대학가,일일권,맑음,-0.23985140452079576,-1.6869900197706047,-0.8758280345975022,0.033740020143336553,-0.09463784917281752,0.42545693178362687,0
R0238,대학가,월회원,비,-1.628278001865208,2.1049328041929978,1.0647731889461647,0.033740020143336553,0.19150363104491197,-0.12401983436607768,0
R0239,주거,연회원,맑음,-0.3324131776770901,,-0.3727091988639589,-0.43834660167971956,-0.272957902062127,1.4328310030580853,0
R0240,공원,월회원,맑음,2.182181659735568,0.07424969742566091,0.7772767113841397,-0.38444694800700846,-0.48860075671896663,0.33387747075867613,0
R0241,주거,연회원,맑음,0.5006427807295576,-0.8129419511620103,1.280395547117683,0.28279359228620865,0.4195874196242613,1.3412515420331343,0
R0242,대학가,월회원,맑음,1.1794291172090476,0.12025222735242923,-1.594569228502564,-0.3379817293236368,-0.33516257167467695,0.24229800973372537,0
R0243,공원,일일권,비,-2.9549967504387578,1.033731035898254,1.4241437858986956,-0.44392242792172426,-0.4637188888739467,-1.0398144446155853,0
R0244,공원,월회원,맑음,-1.6899858506360708,-0.1557629522081798,-0.5883315570354777,-0.31381981560828354,-0.17343043068204728,,0
R0245,주거,월회원,맑음,0.40808100757326315,-0.4646370817164798,2.0710108604132507,-0.30638538061894405,-0.314427681803827,0.7917747758834299,0
R0246,주거,월회원,맑음,-0.039300896015491665,-0.03747073239649,0.3460319950411029,-0.3918813829963479,-0.3724853734422069,0.5170363928085776,0
R0247,대학가,월회원,맑음,-1.1037612873128748,-1.1021007107016956,0.6335284726031272,0.37200681215828235,0.2371203887607818,1.890728308182839,1
R0248,주거,일일권,맑음,-1.6128510396724924,0.12682401734196716,-0.803953915206996,-0.39559860049101764,-0.28125185801046704,0.7001953148584792,0
R0249,대학가,연회원,비,-0.39412102644795266,2.019499534329,0.7054025919936338,0.431482292072998,0.6435242302294412,-0.3071787564159792,0
R0250,도심,일일권,비,-1.6591319262506397,1.0140156659296384,0.7054025919936338,-0.2115963345048658,-0.318574659777997,3.4475791456070017,0
R0251,공원,,비,0.5160697429222729,2.3218018738477615,0.20228375626009037,-0.48481182036309123,-0.5134826245639865,0.42545693178362687,0
R0252,주거,월회원,맑음,0.40808100757326315,0.2911187670804248,-1.4508209897215516,-0.49410486409976556,-0.29369279193297704,0.42545693178362687,0
R0253,대학가,일일권,맑음,0.8863168355474498,-1.4241184201890724,-1.5226951091120577,0.2735005485495344,0.10856407156151215,-0.03244037334112692,0
R0254,주거,월회원,비,-1.3043117958181785,1.1191643057622518,1.0647731889461647,-0.4197605142063709,-0.2149002104237472,1.2496720810081836,0
R0255,주거,일일권,맑음,0.6086315160785672,-0.8523726910992397,0.9210249501651522,0.35156211593759873,0.4527632434176215,-1.0398144446155853,0
R0256,도심,,맑음,-1.4123005311671886,-0.27405517201986906,0.2741578756505966,0.3088141147488969,0.19979758699325192,-1.4061322887153882,0
R0257,대학가,연회원,흐림,0.8708898733547339,0.061106117446584576,1.9272626216322388,-0.5331356477937977,-0.4927477346931366,-1.58929121076529,0
R0258,도심,월회원,맑음,-0.008446971630060392,-0.10318863229187306,0.3460319950411029,-0.012725198540035114,0.021477534103942274,2.9896818404822483,0
R0259,공원,일일권,맑음,-1.0111995141565804,-0.19519369214540924,-0.5164574376449714,0.36271376842160785,0.21638549888993183,0.24229800973372537,0
R0260,주거,월회원,맑음,-0.5329636861823942,-1.8184258195613707,-0.5883315570354777,-0.26549598817757697,-0.285398835984637,-0.03244037334112692,0
R0261,공원,일일권,맑음,-1.6899858506360708,-0.5172114016327866,-0.013338601911428017,-0.5033979078364399,-0.4844537787447966,0.7001953148584792,0
R0262,공원,,맑음,0.855462911162018,-1.0626699707644658,1.4960179052892015,-0.585176692719174,-0.6005691620215564,-0.21559929539102843,0
R0263,도심,연회원,맑음,0.4543618941514104,-0.313485911957099,-0.22896096008294675,-0.4625085153950728,-0.5632463602540265,-0.5819171394908315,0
R0264,도심,월회원,맑음,-1.643704964057924,-1.739564339686911,1.5678920246797081,-0.5405700827831372,-0.4222491091322468,,0
R0265,주거,월회원,비,-1.7054128128287864,2.2363686039837636,3.6522414870043876,-0.5071151253311097,-0.37663235141637685,-0.39875821744092993,0
R0266,주거,연회원,맑음,0.8246089867765868,0.5934211065991873,-1.6664433478930702,1.403534666929133,1.2448360364840898,,1
R0267,대학가,연회원,흐림,0.9171707599328811,0.5079878367351897,-1.3070727509405393,0.25305585232885075,0.004889622207262367,-0.4903376784658807,0
R0268,주거,일일권,흐림,-2.4613339602718556,0.22540086718504174,1.4241437858986956,0.07648802133203857,-0.036580157534437545,0.7917747758834299,0
R0269,공원,일일권,비,-0.8569298922294234,1.7500561447579288,1.9272626216322388,0.4946749894823836,0.9047838426021505,0.7001953148584792,0
R0270,도심,연회원,맑음,-0.11643570697907012,-0.30034233197802224,-1.7383174672835766,-0.23575824822021915,-0.4637188888739467,0.33387747075867613,0
R0271,대학가,일일권,맑음,-0.7952220434585608,-0.017755362427875274,-0.22896096008294675,-0.31381981560828354,-0.6254510298665764,0.1507185487087746,0
R0272,공원,일일권,맑음,-0.039300896015491665,-0.8655162710783165,0.8491508307746463,0.23632837360283698,0.013183578155602319,1.1580926199832329,0
R0273,공원,연회원,맑음,0.9325977221255964,,2.28663321858477,-0.2915165106402651,-0.2397820782687672,0.05913908768382384,0
R0274,공원,연회원,맑음,-0.039300896015491665,0.09396506739427564,-2.1695621836266135,-0.09636259217010415,-0.17757740865621735,,0
R0275,주거,월회원,흐림,-0.779795081265845,0.409410986892115,-0.8758280345975022,0.5467160344077597,0.5232618689785111,0.42545693178362687,1
R0276,도심,일일권,맑음,1.0868673440527534,0.1596829672896587,0.3460319950411029,0.5337057731764158,0.4029995077275814,-0.39875821744092993,0
R0277,도심,일일권,흐림,0.5623506295004201,1.0140156659296384,-1.091450392769021,0.2846522010335435,0.26614923457997186,-1.131393905640536,0
R0278,주거,연회원,흐림,0.8091820245838713,-0.8326573211306251,0.9210249501651522,-0.10193841841210871,-0.17757740865621735,1.0665131589582821,0
R0279,주거,월회원,비,-1.33516572020361,1.1060207257831751,0.48978023382211505,0.12481184876274506,0.3242069262183517,1.0665131589582821,0
R0280,공원,월회원,맑음,0.3463731588024006,-0.19519369214540924,-1.7383174672835766,-0.28408207565092564,-0.07804993727613746,1.7991488471578883,0
R0281,대학가,일일권,맑음,-0.4404019130260999,-0.7012215213398589,-1.1633245121595268,-0.1911516382841823,-0.3807793293905469,1.524410464083036,0
R0282,공원,일일권,맑음,-0.30155925329165884,-1.174390400586617,-0.3727091988639589,0.5485746431550945,0.36982368393422166,-0.39875821744092993,0
R0283,주거,일일권,맑음,-0.48668279960424704,-0.727508681298012,0.4179061144316088,-0.4309121666903801,-0.770595258962526,0.9749336979333314,0
R0284,도심,일일권,맑음,-1.2888848336254628,-1.601556749906607,-0.8758280345975022,0.43334090082033294,0.3822646178567315,0.1507185487087746,1
R0285,대학가,일일권,맑음,-0.2244244423280804,-2.002435939268443,0.20228375626009037,1.1135917023448942,0.8508731289379406,0.42545693178362687,0
R0286,주거,연회원,맑음,-0.8569298922294234,1.2966026354797862,0.058535517479077905,-0.33426451182896705,-0.14440158486285737,0.1507185487087746,0
R0287,대학가,일일권,비,-1.5511431909016296,1.4214666452810134,1.352269666508189,-0.19672746452618695,-0.2895458139588071,-0.21559929539102843,0
R0288,도심,일일권,흐림,0.7783281001984396,0.8168619662434892,-1.091450392769021,-0.14840363709548038,-0.028286201586097594,-0.12401983436607768,0
R0289,대학가,연회원,비,-0.8569298922294234,1.4411820152496282,0.4179061144316088,0.740011344130586,0.9504006003180204,1.524410464083036,0
R0290,주거,일일권,흐림,0.5932045538858514,0.07424969742566091,0.3460319950411029,-0.23761685696755397,-0.24392905624293712,-0.7650760615407329,0
R0291,주거,월회원,비,-2.538468771235434,1.2111693656157876,0.3460319950411029,-0.12052450588545739,-0.07390295930196755,0.05913908768382384,0
R0292,도심,연회원,맑음,-1.5974240774797768,-0.1820501121663329,1.2085214277271772,-0.16327250707415933,-0.33516257167467695,0.42545693178362687,0
R0293,주거,월회원,맑음,-0.16271659355721732,0.6328518465364169,-0.013338601911428017,-0.45321547165839854,-0.5176296025381566,1.6159899251079868,0
R0294,주거,월회원,맑음,-0.39412102644795266,-0.4383499217583267,-0.4445833182544651,-0.21531355199953556,-0.16098949675953728,0.33387747075867613,0
R0295,도심,일일권,맑음,1.6268110207978026,0.3174059270385784,-1.4508209897215516,-0.32683007683962756,-0.32686861572633696,1.2496720810081836,0
R0296,주거,월회원,맑음,-0.5946715349532568,-0.3857756018420205,-0.6602056764259838,-0.32868868558696246,-0.32686861572633696,0.6086158538335283,0
R0297,도심,일일권,맑음,0.1921035368752437,0.21225728720596587,-1.3789468703310455,-0.06476624346541135,0.050506379923132186,-0.4903376784658807,0
R0298,대학가,월회원,비,0.09954176371894934,,1.7835143828512263,1.3198972732990644,1.5434184506243291,-0.9482349835906345,0
R0299,주거,연회원,,1.071440381860038,-1.2072493505343087,0.6335284726031272,0.07277080383736875,-0.01584526766358759,,0
R0300,대학가,연회원,맑음,0.08411480152623343,0.691997956442262,-1.0195762733785145,-0.544287300277807,-0.6627738316341063,,0
R0301,주거,연회원,비,-1.782547623792365,2.28894292390007,2.0710108604132507,-0.5424286915304721,-0.5217765805123266,-0.4903376784658807,0
R0302,대학가,월회원,맑음,2.012485075615695,-1.049526390785389,-1.0195762733785145,-0.15397946333748494,-0.0448741134827775,2.348625613307593,0
R0303,도심,일일권,맑음,-0.42497495083338394,-1.3715441002727662,-0.5883315570354777,0.3682895946636125,,-0.12401983436607768,0
R0304,대학가,월회원,맑음,-2.291637376151983,-0.4317781317687883,-0.5164574376449714,0.26234889606552525,0.21223852091576192,0.33387747075867613,0
R0305,도심,월회원,맑음,1.3336987391362047,-0.48435245168509505,-0.013338601911428017,-0.4792359941210866,-0.28125185801046704,0.7001953148584792,0
R0306,주거,일일권,맑음,0.9017437977401652,-0.030898942406951603,-0.5883315570354777,-0.40675025297502687,-0.4637188888739467,0.42545693178362687,0
R0307,도심,,비,-0.2244244423280804,1.1980257856367116,0.058535517479077905,-0.3677194692809947,-0.13196065094034737,,0
R0308,주거,일일권,흐림,0.26923834783882217,-0.47778066169555666,-0.08521272130193426,-0.2115963345048658,-0.15269554081119732,-0.8566555225656838,0
R0309,대학가,일일권,맑음,0.8246089867765868,-0.766939421235242,-1.091450392769021,-0.4123260792170314,-0.4181021311580768,-0.5819171394908315,0
R0310,주거,일일권,맑음,-0.4095479886406686,0.008531797530277855,-1.0195762733785145,-0.3584264255443203,-0.23563510029459717,0.24229800973372537,0
R0311,주거,일일권,비,0.03783391494808679,0.5671339466410338,0.20228375626009037,-0.6762485213385825,-0.7747422369366961,0.5170363928085776,1
R0312,대학가,일일권,비,-1.1191882495055903,2.308658293868685,1.0647731889461647,0.5931812530911313,0.6435242302294412,1.2496720810081836,1
R0313,주거,월회원,비,-0.20899748013536448,0.7051415364213388,1.639766144070214,0.7362941266359161,0.7637865914803708,-1.2229733666654867,1
R0314,공원,연회원,맑음,-0.05472785820820757,0.31083413704904045,-0.300835079473453,-0.39559860049101764,-0.4222491091322468,0.8833542369083807,0
R0315,도심,연회원,비,-1.5202892665161982,1.454325595228705,0.6335284726031272,1.3775141444664452,1.5060956488567991,-1.6808706717902406,1
R0316,도심,,흐림,0.5932045538858514,-0.27405517201986906,0.7054025919936338,-0.5758836489824998,-0.4181021311580768,-1.131393905640536,0
R0317,대학가,연회원,비,-0.45582887521881577,1.0797335658250213,1.1366473083366706,-0.0814937221914252,,-0.21559929539102843,0
R0318,도심,월회원,맑음,0.7011932892348611,-0.1820501121663329,-1.4508209897215516,1.293876750836376,1.1701904329490298,-1.0398144446155853,1
R0319,도심,월회원,맑음,0.3772270831878319,-0.766939421235242,-0.5164574376449714,0.4259064658309935,0.3283539041925217,-0.39875821744092993,0
R0320,주거,일일권,흐림,0.9171707599328811,,-0.5164574376449714,-0.46436712414240766,-0.314427681803827,0.05913908768382384,0
R0321,공원,월회원,맑음,-0.023873933822776302,-1.430690210178611,0.5616543532126212,-0.5405700827831372,-0.6627738316341063,0.1507185487087746,0
R0322,도심,일일권,흐림,0.6086315160785672,-0.8786598510573933,-0.22896096008294675,0.19358037241413514,0.15418082927738197,0.9749336979333314,0
R0323,도심,일일권,비,-1.7054128128287864,1.1388796757308666,2.2147590991942634,-0.49596347284710046,-0.38492630736471684,-0.9482349835906345,0
R0324,도심,,맑음,-1.9676711701049534,-0.4317781317687883,0.2741578756505966,-0.47551877662641695,-0.33930954964884696,-0.8566555225656838,0
R0325,도심,연회원,맑음,-1.9368172457195219,-0.6815061513712442,-0.8758280345975022,-0.03502850350805353,-0.06560900335362746,0.9749336979333314,0
R0326,주거,일일권,맑음,1.4725413988706457,0.6394236365259557,-0.013338601911428017,-0.22832381323087966,0.029771490052282225,0.9749336979333314,0
R0327,주거,일일권,비,-0.640952421531404,1.3097462154588622,2.28663321858477,-0.5665906052458254,-0.5051886686156466,-1.0398144446155853,0
R0328,공원,일일권,맑음,-0.23985140452079576,-0.10318863229187306,-0.300835079473453,0.375724029652952,0.07538824776815219,1.524410464083036,0
R0329,도심,연회원,맑음,-0.1781435557499332,-1.2729672504296916,0.058535517479077905,-0.24505129195689346,-0.318574659777997,1.4328310030580853,0
R0330,도심,월회원,비,-0.7026602703022665,1.598904974998548,0.13040963686958415,0.41475481334698416,0.4029995077275814,1.0665131589582821,0
R0331,주거,월회원,맑음,-0.7180872324949824,-0.27405517201986906,-0.803953915206996,0.1582668062147726,-0.028286201586097594,-0.12401983436607768,0
R0332,도심,연회원,맑음,0.7937550623911555,-0.5697857215490928,0.3460319950411029,-0.6446521726338897,-0.6752147655566163,1.7991488471578883,0
R0333,도심,연회원,맑음,0.9171707599328811,,-1.594569228502564,-0.6446521726338897,-0.6752147655566163,0.7001953148584792,0
R0334,도심,일일권,맑음,0.11496872591166525,-0.9640931209213911,-0.803953915206996,-0.6539452163705641,-0.6835087215049562,0.42545693178362687,0
R0335,주거,연회원,맑음,-0.1781435557499332,-1.246680090471538,0.3460319950411029,-0.38630555675434325,-0.36833839546803687,-0.4903376784658807,0
R0336,주거,일일권,맑음,1.56510317202694,0.4948442567561128,-0.300835079473453,-0.43834660167971956,-0.1568425187853674,0.1507185487087746,1
R0337,대학가,일일권,맑음,1.2565639281726262,-0.4449217117478651,0.9928990695556581,-0.13539337586413633,-0.2024592765012372,-1.9556090548650928,0
R0338,대학가,연회원,비,-1.2117500226618845,2.3218018738477615,1.9272626216322388,0.06533636884802928,0.029771490052282225,0.8833542369083807,0
R0339,대학가,연회원,비,-1.8596824347559433,1.4214666452810134,1.7835143828512263,0.005860888933313487,0.050506379923132186,1.2496720810081836,0
R0340,대학가,월회원,맑음,-0.8415029300367081,-0.06375789235464313,0.20228375626009037,-0.613055823929197,-0.4637188888739467,-0.7650760615407329,0
R0341,공원,일일권,맑음,1.7656536805322436,-0.06375789235464313,-0.4445833182544651,-0.15769668083215468,-0.29369279193297704,0.05913908768382384,0
R0342,주거,연회원,맑음,1.1485751928236165,,-0.8758280345975022,-0.27664764066158615,-0.20660625447540726,-0.03244037334112692,0
R0343,주거,월회원,비,-1.0111995141565804,1.4214666452810134,2.0710108604132507,-0.33612312057630195,-0.07390295930196755,-0.39875821744092993,0
R0344,도심,연회원,맑음,-0.3169862154843742,,-0.5883315570354777,-0.11494867964345275,-0.14440158486285737,0.05913908768382384,0
R0345,주거,월회원,맑음,-0.8569298922294234,-0.32662949193617535,1.9991367410227447,-0.46622573288974256,-0.4305430650805867,0.7917747758834299,0
R0346,대학가,연회원,맑음,1.3645526635216358,,0.4179061144316088,0.6229189930484893,0.5149679130301713,-0.8566555225656838,0
R0347,공원,일일권,맑음,-1.0111995141565804,0.05453432745704618,0.13040963686958415,-0.26549598817757697,-0.12781367296617732,-1.3145528276904375,0
R0348,도심,연회원,맑음,1.9044963402666857,-0.2609115920407923,-1.7383174672835766,-0.08892815718076467,-0.12366669499200743,-0.3071787564159792,0
R0349,공원,월회원,흐림,1.071440381860038,0.3042623470595016,-0.300835079473453,0.36457237716894286,0.23297341078661188,1.3412515420331343,0
R0350,공원,월회원,흐림,-0.19357051794264857,0.23854444716411854,-1.3789468703310455,0.23632837360283698,0.07538824776815219,-1.4061322887153882,0
R0351,공원,일일권,흐림,0.9788786087037437,0.16625475727919756,0.2741578756505966,1.2901595333417064,1.2863058162257899,-1.131393905640536,0
R0352,공원,월회원,흐림,0.361800120995116,0.32397771702811634,0.3460319950411029,-0.5424286915304721,-0.39736724128722684,-1.9556090548650928,0
R0353,도심,연회원,비,-0.48668279960424704,2.2495121839628407,1.639766144070214,-0.2190307694942053,-0.14025460688868732,-0.39875821744092993,0
R0354,주거,일일권,흐림,-1.0729073629274433,0.6525672165050316,0.058535517479077905,-0.3602850342916552,-0.5425114703831765,1.1580926199832329,0
R0355,도심,월회원,흐림,-0.980345589771149,-0.23462443208263917,-0.5164574376449714,-0.1614138983268244,-0.17757740865621735,0.5170363928085776,0
R0356,공원,월회원,맑음,1.4571144366779298,0.17282654726873548,-0.1570868406924405,-0.46436712414240766,-0.4844537787447966,-0.6734966005157822,0
R0357,주거,연회원,맑음,0.9171707599328811,-2.0681538391638266,-0.3727091988639589,-0.2915165106402651,-0.39736724128722684,-1.2229733666654867,0
R0358,공원,일일권,맑음,1.6576649451832344,-0.2937705419884838,-0.013338601911428017,-0.32497146809229277,-0.3807793293905469,-0.21559929539102843,0
R0359,대학가,월회원,맑음,-0.2552783667135117,0.8300055462225661,-1.3789468703310455,-0.4494982541637288,-0.4761598227964567,-0.4903376784658807,0
R0360,주거,월회원,맑음,-0.8877838166148547,-0.017755362427875274,0.13040963686958415,-0.5182667778151188,-0.4222491091322468,-0.5819171394908315,0
R0361,도심,월회원,맑음,1.5188222854487934,0.6394236365259557,-0.300835079473453,0.7270010828992419,0.4900860451851513,0.1507185487087746,0
R0362,주거,일일권,맑음,0.6240584782712826,-1.0823853407330803,0.5616543532126212,0.6433636892691729,0.4154404416500916,-1.2229733666654867,0
R0363,대학가,연회원,맑음,1.0097325330891749,0.29769055706996367,0.20228375626009037,0.05232610761668515,-0.14440158486285737,1.1580926199832329,0
R0364,공원,월회원,비,-0.5021097617969624,0.4028391969025762,-0.08521272130193426,-0.2413340744622237,-0.13196065094034737,0.8833542369083807,0
R0365,주거,일일권,맑음,-1.0729073629274433,0.3502648769862699,0.058535517479077905,0.17127706744611673,0.17076874117406202,-0.03244037334112692,0
R0366,공원,연회원,맑음,1.5188222854487934,-0.5434985615909397,-1.0195762733785145,0.33483463721158496,0.3656767059600516,0.9749336979333314,0
R0367,도심,연회원,맑음,1.2257100037871949,-0.3792038118524821,-0.22896096008294675,0.035598628890671384,-0.01584526766358759,-1.864029593840142,0
R0368,도심,월회원,맑음,0.2538113856461063,-1.246680090471538,-1.7383174672835766,2.1116645996637176,1.7632082832553388,-0.9482349835906345,1
R0369,공원,연회원,맑음,-0.19357051794264857,0.03481895748843145,0.13040963686958415,-0.4922462553524307,-0.36833839546803687,0.05913908768382384,0
R0370,대학가,연회원,맑음,-0.9032107788075706,0.1925419172373502,-0.5164574376449714,-0.181858594547508,-0.4015142192613968,-0.4903376784658807,0
R0371,대학가,일일권,흐림,0.3309461966096847,,-0.6602056764259838,-0.43834660167971956,-0.36833839546803687,2.257046152282642,0
R0372,공원,일일권,흐림,-1.1808960982764531,-0.35948844188386686,-1.0195762733785145,-0.4290535579430453,-0.36833839546803687,-1.4061322887153882,0
R0373,주거,일일권,맑음,0.40808100757326315,0.008531797530277855,-0.5164574376449714,-0.4123260792170314,-0.6793617435307862,0.42545693178362687,0
R0374,공원,,맑음,0.06868783933351806,0.14653938731058283,-0.803953915206996,0.4946749894823836,0.3407948381150316,0.6086158538335283,0
R0375,대학가,월회원,흐림,0.9480246843183123,0.2516880271431953,-0.803953915206996,0.011436715175318133,0.021477534103942274,-1.0398144446155853,0
R0376,도심,일일권,비,-0.5792445727605409,1.1585950456994814,-0.6602056764259838,-0.3881641655016782,-0.33516257167467695,-0.12401983436607768,0
R0377,주거,일일권,맑음,-0.39412102644795266,-0.7472240512666273,-0.7320797958164897,-0.4402052104270544,-0.48030680077062665,-1.9556090548650928,1
R0378,대학가,월회원,흐림,-0.023873933822776302,-0.4120627618001736,-0.803953915206996,0.38129985589495663,0.28273714647665177,-0.3071787564159792,0
R0379,도심,,흐림,-0.008446971630060392,0.5342749966933423,-1.953939825455095,-0.5387114740358024,-0.6088631179698963,0.6086158538335283,0
R0380,도심,월회원,맑음,-1.381446606781757,-0.0571861023651052,0.2741578756505966,-0.23575824822021915,-0.28125185801046704,-1.3145528276904375,0
R0381,주거,월회원,비,-2.0602329432612474,0.4422699368398066,2.1428849798037573,-0.5071151253311097,-0.5176296025381566,-1.0398144446155853,0
R0382,주거,연회원,맑음,-0.4095479886406686,-0.37263202186294364,-0.1570868406924405,-0.08521093968609493,-0.24807603421710717,1.7075693861329375,0
R0383,대학가,일일권,맑음,-1.0266264763492963,-0.3529166518943289,-1.594569228502564,1.1321777898182428,1.0540750496722702,-0.4903376784658807,0
R0384,공원,월회원,비,-1.3660196445890413,0.9417259760447174,0.8491508307746463,-0.19301024703151723,-0.11537273904366747,-0.3071787564159792,0
R0385,도심,연회원,맑음,-1.0420534385420117,-0.7932265811933951,1.7835143828512263,-0.00900798104536546,-0.09463784917281752,1.4328310030580853,0
R0386,도심,월회원,맑음,0.5623506295004201,-0.8392291111201634,0.2741578756505966,-0.4792359941210866,-0.24392905624293712,0.33387747075867613,0
R0387,대학가,연회원,맑음,-0.6255254593386881,-1.0100956508481596,0.13040963686958415,-0.27293042316691646,-0.46786586684811665,,0
R0388,주거,연회원,흐림,-0.10100874478635476,0.61970826655734,0.48978023382211505,-0.2617787706829072,-0.4098081752097368,0.1507185487087746,0
R0389,공원,월회원,맑음,1.1177212684381852,-0.5369267716014013,-0.22896096008294675,-0.32497146809229277,-0.32272163775216695,0.42545693178362687,0
R0390,주거,연회원,맑음,-2.183648640802973,-0.1360475822395646,-0.803953915206996,-0.488529037857761,-0.5134826245639865,0.9749336979333314,0
R0391,도심,연회원,흐림,-0.9957725519638649,-0.47778066169555666,-1.7383174672835766,-0.2896579018929303,0.025624512078112324,0.1507185487087746,0
R0392,주거,월회원,흐림,2.182181659735568,1.1323078857413287,0.13040963686958415,0.08763967381604769,0.12100500548402215,2.0738872302327405,0
R0393,주거,일일권,맑음,-0.30155925329165884,-0.07690147233371993,0.4179061144316088,0.3255415934749107,0.21223852091576192,-0.7650760615407329,0
R0394,대학가,월회원,맑음,0.5623506295004201,-0.5829293015281696,1.639766144070214,-0.03688711225538836,-0.01584526766358759,0.8833542369083807,0
R0395,주거,월회원,맑음,0.9171707599328811,-1.3584005202936895,-0.013338601911428017,0.12109463126807524,0.11685802750985211,-1.497711749740339,0
R0396,주거,일일권,흐림,-0.7180872324949824,1.033731035898254,0.3460319950411029,1.1024400498608848,0.9338126884213405,-0.12401983436607768,1
R0397,도심,연회원,맑음,-0.07015482040092348,-1.5292670600216856,-1.1633245121595268,0.8533864777180128,0.5025269791076612,-0.4903376784658807,0
R0398,도심,월회원,흐림,-0.20899748013536448,0.9548695560237942,-0.300835079473453,0.515119685703067,0.5274088469526812,1.7991488471578883,0
R0399,도심,연회원,흐림,0.5623506295004201,1.0731617758354834,1.4960179052892015,0.0671949775953641,-0.028286201586097594,-0.7650760615407329,0
R0400,도심,월회원,맑음,-0.2552783667135117,-0.3200577019466374,0.8491508307746463,-0.20787911701019607,-0.24807603421710717,-0.7650760615407329,0
R0401,공원,월회원,비,-0.9649186275784332,0.7511440663481062,0.48978023382211505,0.13410489249941937,0.3325008821666916,0.05913908768382384,0
R0402,대학가,연회원,맑음,1.858215453688538,-0.1886219021558713,-0.5164574376449714,-0.46436712414240766,-0.43883702102892674,0.6086158538335283,0
R0403,대학가,월회원,흐림,-0.2552783667135117,0.2319726571745806,-0.013338601911428017,-0.3454161643129763,-0.5549524043056865,0.6086158538335283,0
R0404,주거,연회원,맑음,0.6240584782712826,-1.7461361296764493,-0.9477021539880085,-0.5368528652884675,-0.5093356465898166,-0.7650760615407329,0
R0405,도심,연회원,맑음,2.135900773157421,-0.2937705419884838,-0.1570868406924405,0.05046749886935033,0.058800335871472285,-0.6734966005157822,0
R0406,도심,,맑음,0.6240584782712826,-0.6815061513712442,-1.1633245121595268,1.1284605723235732,0.8591670848862805,-0.7650760615407329,0
R0407,주거,월회원,흐림,-0.8569298922294234,0.8300055462225661,0.13040963686958415,-0.051755982234067306,-0.036580157534437545,-0.03244037334112692,0
R0408,주거,연회원,비,1.056013419667322,0.42912635686072975,0.8491508307746463,-0.6242074764132063,,-0.8566555225656838,0
R0409,대학가,,맑음,0.6240584782712826,0.6131364765678021,1.4241437858986956,-0.1707069420634988,-0.12781367296617732,-0.8566555225656838,0
R0410,도심,,흐림,0.22295746126067498,-0.1360475822395646,0.48978023382211505,-0.18929302953684748,-0.07804993727613746,1.524410464083036,0
R0411,공원,월회원,맑음,2.182181659735568,-1.1875339805656935,0.2741578756505966,-0.46622573288974256,-0.38492630736471684,0.8833542369083807,0
R0412,도심,일일권,맑음,-0.640952421531404,-1.522695270032147,-0.22896096008294675,-0.31381981560828354,-0.23148812232042712,-0.3071787564159792,0
R0413,주거,일일권,맑음,-1.5511431909016296,-1.0626699707644658,0.058535517479077905,0.556009078144434,0.3449418160892016,1.524410464083036,0
R0414,도심,일일권,맑음,0.23838442345339034,-0.5237831916223245,-0.5883315570354777,8.090808939839985,-0.07390295930196755,-0.03244037334112692,0
R0415,주거,월회원,맑음,0.6857663270421457,-0.1360475822395646,-0.08521272130193426,0.21402506863481857,-0.057315047405287506,-0.6734966005157822,0
R0416,공원,연회원,맑음,1.1640021550163318,-0.23462443208263917,1.5678920246797081,-0.41604329671170115,-0.6005691620215564,-0.6734966005157822,0
R0417,대학가,월회원,맑음,-0.19357051794264857,-0.7735112112247804,0.13040963686958415,0.7065563866785581,0.4154404416500916,2.623363996382445,0
R0418,공원,일일권,흐림,0.03783391494808679,0.757715856337645,0.7054025919936338,-0.09450398342276924,-0.2563699901654471,-1.2229733666654867,0
R0419,주거,일일권,비,-1.3660196445890413,1.8157740446533117,0.13040963686958415,0.21216645988748375,0.09612313763900214,0.7001953148584792,1
R0420,공원,연회원,맑음,1.4571144366779298,0.13339580733150602,1.1366473083366706,-0.32683007683962756,-0.1568425187853674,-0.3071787564159792,0
R0421,대학가,월회원,맑음,0.5932045538858514,0.2845469770908869,0.48978023382211505,-0.0907867659280995,-0.3932202633130569,-0.39875821744092993,0
R0422,주거,연회원,맑음,1.210283041594479,-0.10318863229187306,0.8491508307746463,-0.5331356477937977,-0.5051886686156466,-1.131393905640536,0
R0423,주거,일일권,흐림,1.997058113422979,0.1136804373628913,-0.300835079473453,-0.12981754962213168,-0.17757740865621735,-0.9482349835906345,0
R0424,공원,일일권,맑음,-1.0729073629274433,-0.9838084908900059,-0.7320797958164897,0.5504332519024295,0.15418082927738197,0.6086158538335283,0
R0425,공원,월회원,흐림,-0.9649186275784332,-0.0571861023651052,-0.300835079473453,-0.4327707754377149,,1.0665131589582821,0
R0426,주거,월회원,비,-1.8751093969486592,1.8223458346428507,0.9210249501651522,0.11737741377340559,0.06294731384564219,-1.9556090548650928,0
R0427,공원,일일권,맑음,0.8708898733547339,-0.7340804712875505,0.20228375626009037,-0.3398403380709716,-0.23148812232042712,-0.4903376784658807,0
R0428,주거,월회원,맑음,-0.16271659355721732,-0.8260855311410866,-0.7320797958164897,-0.19301024703151723,-0.306133725855487,-0.9482349835906345,0
R0429,대학가,연회원,맑음,0.05326087714080215,-1.3321133603355364,0.7054025919936338,1.3161800558043946,1.2241011466132399,-0.7650760615407329,0
R0430,도심,연회원,맑음,0.7011932892348611,-0.766939421235242,-1.1633245121595268,-0.4271949491957104,-0.3890732853388868,-0.8566555225656838,1
R0431,주거,월회원,맑음,0.5314967051149888,-1.5949849599170685,-1.2351986315500332,-0.33426451182896705,-0.2273411443462572,-0.7650760615407329,0
R0432,대학가,연회원,흐림,0.716620251427577,0.6854261664527231,0.7054025919936338,-0.29523372813493487,0.004889622207262367,0.1507185487087746,0
R0433,도심,월회원,비,-1.4585814177453353,0.5802775266201106,0.20228375626009037,-0.38630555675434325,-0.38492630736471684,0.42545693178362687,0
R0434,공원,월회원,흐림,-0.8106490056512763,0.21225728720596587,1.639766144070214,0.3366932459589198,0.27029621255414177,2.1654666912576914,0
R0435,주거,월회원,흐림,0.3155192344169688,0.05453432745704618,-1.0195762733785145,8.458813471812288,0.2993250583733317,0.6086158538335283,0
R0436,도심,일일권,맑음,1.210283041594479,-0.9575213309318528,-0.1570868406924405,-0.2915165106402651,-0.4015142192613968,0.9749336979333314,0
R0437,주거,월회원,흐림,-1.134615211698306,0.4488417268293445,0.13040963686958415,-0.2989509456296046,-0.21904718839791726,1.1580926199832329,0
R0438,대학가,연회원,맑음,-1.1500421738910216,-0.8129419511620103,-1.3070727509405393,0.40174455211564025,0.2371203887607818,0.7001953148584792,0
R0439,공원,연회원,맑음,-2.1527947164175414,-1.4964081100739939,-0.300835079473453,-0.051755982234067306,-0.0448741134827775,-0.12401983436607768,0
R0440,대학가,월회원,흐림,-1.2117500226618845,-0.5500703515804781,-0.300835079473453,-0.529418430299128,-0.6835087215049562,-0.03244037334112692,0
R0441,주거,연회원,맑음,0.6549124026567145,-0.9115188010050849,-0.08521272130193426,-0.36400225178632495,-0.4595719108997767,1.1580926199832329,0
R0442,대학가,일일권,맑음,0.577777591693136,-0.20833727212448602,-0.6602056764259838,-0.16698972456882907,-0.28125185801046704,-1.3145528276904375,0
R0443,주거,연회원,맑음,0.5160697429222729,-0.9772367009004679,0.13040963686958415,-0.13353476711680143,-0.2688109240879571,0.9749336979333314,0
R0444,공원,,맑음,1.056013419667322,-1.0100956508481596,1.1366473083366706,-0.32683007683962756,-0.3807793293905469,-1.58929121076529,0
R0445,도심,월회원,맑음,0.1921035368752437,-0.48435245168509505,-1.1633245121595268,-0.45693268915306817,-0.33930954964884696,0.33387747075867613,0
R0446,주거,연회원,흐림,0.9788786087037437,-0.1557629522081798,-0.22896096008294675,-0.4773773853737518,-0.2688109240879571,-0.6734966005157822,0
R0447,주거,연회원,맑음,0.6240584782712826,-0.872088061067855,0.6335284726031272,0.9444583063374213,0.7471986795836909,-1.9556090548650928,0
R0448,공원,월회원,맑음,-0.16271659355721732,-0.6946497313503205,-0.7320797958164897,-0.6167730414238668,-0.6669208096082762,1.7075693861329375,0
R0449,공원,월회원,맑음,0.48521581853684165,-0.02432715241741367,-0.5164574376449714,0.4872405544930441,0.4610571993659613,-0.12401983436607768,0
R0450,대학가,월회원,흐림,-0.07015482040092348,1.0731617758354834,0.48978023382211505,-0.15397946333748494,-0.13196065094034737,0.05913908768382384,0
R0451,주거,월회원,흐림,2.182181659735568,-0.2871987519989459,0.7054025919936338,-0.26549598817757697,-0.23563510029459717,1.0665131589582821,0
R0452,도심,일일권,맑음,-0.7643681190731296,-0.28062696200940745,0.3460319950411029,0.024446976406662255,-0.10707878309532737,-0.39875821744092993,0
R0453,도심,월회원,맑음,0.9325977221255964,-0.8983752210260081,-0.08521272130193426,-0.3398403380709716,-0.33516257167467695,1.0665131589582821,0
R0454,주거,일일권,흐림,1.210283041594479,0.23854444716411854,-0.5164574376449714,-0.27293042316691646,-0.19001834257872718,-0.12401983436607768,0
R0455,도심,일일권,흐림,0.7783281001984396,1.0665899858459456,0.13040963686958415,0.9370238713480816,0.8633140628604505,-0.6734966005157822,0
R0456,공원,월회원,비,0.9943055708964595,-0.22805264209310075,0.48978023382211505,-0.3026681631242743,-0.32686861572633696,-1.131393905640536,0
R0457,공원,월회원,맑음,-1.381446606781757,-0.21490906211402444,-2.1695621836266135,0.18242871993012585,-0.0407271355086076,0.5170363928085776,0
R0458,대학가,월회원,맑음,0.08411480152623343,,-0.1570868406924405,-0.27478903191425136,-0.2024592765012372,0.5170363928085776,0
R0459,대학가,,맑음,-0.039300896015491665,-1.0758135507435425,0.6335284726031272,-0.5981869539505181,-0.5134826245639865,1.3412515420331343,0
R0460,공원,연회원,맑음,1.2565639281726262,-0.011183572438336873,0.6335284726031272,0.44449255330434206,0.10856407156151215,-0.3071787564159792,0
R0461,공원,일일권,흐림,0.361800120995116,0.3174059270385784,0.48978023382211505,-0.4922462553524307,-0.4512779549514367,0.5170363928085776,0
R0462,도심,월회원,흐림,-0.48668279960424704,0.18597012724781228,-0.08521272130193426,-0.05733180847607195,-0.17757740865621735,1.0665131589582821,0
R0463,도심,월회원,맑음,-0.6100984971459726,-0.8589444810887782,-0.013338601911428017,-0.3509919905549808,-0.13196065094034737,-1.7724501328151914,0
R0464,주거,월회원,비,-0.8260759678439922,1.8814919445486948,2.1428849798037573,-0.23389963947288422,-0.12366669499200743,0.33387747075867613,0
R0465,주거,연회원,맑음,0.6703393648494298,-1.9038590894253686,-0.3727091988639589,-0.14840363709548038,-0.11537273904366747,-1.0398144446155853,0
R0466,주거,월회원,맑음,-0.6100984971459726,-0.556642141570016,-1.3789468703310455,0.6340706455324986,0.6932879659194808,0.7001953148584792,0
R0467,도심,일일권,비,-0.2244244423280804,1.585761395019471,1.280395547117683,-0.18371720329484284,-0.23563510029459717,-0.4903376784658807,0
R0468,도심,연회원,맑음,-0.42497495083338394,0.15311117730012075,1.0647731889461647,0.3887342908842961,0.28273714647665177,-1.0398144446155853,0
R0469,도심,일일권,맑음,0.1921035368752437,-0.9838084908900059,1.280395547117683,-0.5498631265198115,,0.05913908768382384,0
R0470,주거,월회원,맑음,0.5006427807295576,-1.9235744593939839,-0.1570868406924405,0.8143556940239804,0.568878626694381,0.6086158538335283,0
R0471,도심,일일권,맑음,-1.2426039470473158,-1.3386851503250747,1.5678920246797081,0.54299881691309,,-0.9482349835906345,0
R0472,도심,월회원,맑음,-1.1963230604691688,-0.9443777509527764,-1.594569228502564,-0.34727477306031107,-0.4471309769772667,-0.3071787564159792,0
R0473,공원,일일권,맑음,-1.0883343251201587,-0.5895010915177076,0.3460319950411029,-0.4866704291104261,-0.4554249329256067,-1.4061322887153882,0
R0474,도심,연회원,맑음,-1.0111995141565804,-0.8655162710783165,0.7054025919936338,-0.41418468796436636,-0.6752147655566163,0.24229800973372537,0
R0475,주거,연회원,맑음,-0.27070532890622706,-0.8983752210260081,2.430381457365782,0.08020523882670821,-0.17343043068204728,-0.4903376784658807,0
R0476,공원,일일권,흐림,1.3182717769434888,,-2.0976880642361073,-0.321254250597623,-0.5134826245639865,-0.5819171394908315,0
R0477,도심,월회원,맑음,0.8246089867765868,-0.21490906211402444,0.7054025919936338,-0.5089737340784445,-0.6420389417632564,1.0665131589582821,0
R0478,대학가,일일권,비,-1.2117500226618845,1.6449075049253163,1.280395547117683,-0.4011744267330222,-0.2646639461137871,-1.3145528276904375,0
R0479,공원,일일권,맑음,0.3772270831878319,-0.8458009011097019,-1.3070727509405393,-0.3695780780283295,,0.7917747758834299,0
R0480,대학가,월회원,맑음,0.4235079697659791,-0.9115188010050849,-1.7383174672835766,-0.41604329671170115,-0.5839812501248764,-0.9482349835906345,0
R0481,도심,연회원,비,-0.27070532890622706,,1.1366473083366706,-0.4104674704696966,-0.5134826245639865,-0.3071787564159792,0
R0482,대학가,월회원,맑음,1.1640021550163318,0.26483160712227216,0.7054025919936338,0.14153932748875883,0.2371203887607818,-0.03244037334112692,0
R0483,공원,월회원,맑음,0.09954176371894934,0.13996759732104397,-0.08521272130193426,-0.0907867659280995,-0.0531680694311176,1.524410464083036,1
R0484,주거,일일권,맑음,1.0868673440527534,-0.556642141570016,-1.091450392769021,-0.007149372298030467,-0.16928345270787723,-0.5819171394908315,0
R0485,도심,월회원,흐림,1.1022943062454693,0.9285823960656406,0.20228375626009037,-0.14282781085347582,-0.17343043068204728,0.5170363928085776,0
R0486,도심,일일권,맑음,0.4235079697659791,-0.3069141219675606,-0.300835079473453,-0.12424172338012714,-0.38492630736471684,-0.03244037334112692,0
R0487,도심,월회원,흐림,0.716620251427577,1.178310415668096,0.5616543532126212,1.1042986586082197,0.9006368646279804,1.524410464083036,0
R0488,대학가,연회원,맑음,-1.1191882495055903,-0.33977307191525213,-0.3727091988639589,1.0262370912201553,0.6725530760486309,-1.2229733666654867,0
R0489,대학가,일일권,맑음,0.5469236673077041,-1.286110830408768,0.5616543532126212,0.0021436714386438333,-0.18172438663038723,0.24229800973372537,0
R0490,대학가,월회원,흐림,-0.6100984971459726,0.8891516561284112,0.20228375626009037,0.14339793623609365,-0.032433179560267644,-1.131393905640536,0
R0491,주거,월회원,비,0.6703393648494298,0.6854261664527231,1.8553885022417322,-0.5071151253311097,-0.5673933382281965,-0.8566555225656838,0
R0492,공원,월회원,맑음,0.7320472136202929,-1.2072493505343087,-0.8758280345975022,0.026305585153997082,0.1417398953548721,-0.3071787564159792,0
R0493,대학가,연회원,맑음,-0.9186377410002865,-0.24776801206171595,-1.7383174672835766,-0.531277039046463,-0.770595258962526,0.33387747075867613,0
R0494,주거,월회원,맑음,-0.5638176105678255,-0.42520634177924993,0.13040963686958415,0.12667045751007988,0.009036600181432269,0.1507185487087746,0
R0495,공원,월회원,,-0.28613229109894295,0.9351541860551794,-0.4445833182544651,-0.39373999174368274,-0.306133725855487,-1.9556090548650928,0
R0496,대학가,월회원,흐림,-0.45582887521881577,0.13339580733150602,0.8491508307746463,-0.3974572092383525,-0.1568425187853674,-0.5819171394908315,0
R0497,주거,일일권,비,0.3309461966096847,1.447753805239167,1.639766144070214,0.292086636022883,0.24126736673495183,-0.7650760615407329,0
R0498,주거,월회원,흐림,-1.3968735689744727,1.0074438759401005,0.2741578756505966,0.30137967975955743,0.4817920892368112,0.1507185487087746,0
R0499,주거,일일권,맑음,0.1921035368752437,-0.42520634177924993,0.6335284726031272,0.18986315491946532,-0.01999224563775764,-0.6734966005157822,0
R0500,도심,월회원,맑음,0.5314967051149888,-0.6880779413607822,-1.5226951091120577,-0.5331356477937977,-0.24392905624293712,0.05913908768382384,0
R0501,공원,월회원,흐림,-0.9340647031930018,1.447753805239167,-0.013338601911428017,-0.3974572092383525,-0.3434565276230169,0.7001953148584792,0
R0502,공원,일일권,맑음,0.6549124026567145,-0.1360475822395646,1.8553885022417322,-0.5257012128044583,-0.4429839990030967,0.05913908768382384,0
R0503,대학가,월회원,비,-0.6872333081095512,2.078645644234844,0.8491508307746463,-0.2320410307255494,-0.0407271355086076,-1.6808706717902406,0
R0504,공원,일일권,맑음,1.2565639281726262,-1.0363828108063127,0.6335284726031272,-0.4402052104270544,-0.7249785012466562,-0.9482349835906345,0
R0505,도심,월회원,흐림,0.9943055708964595,1.184882205657635,0.48978023382211505,-0.08335233093876003,8.095643649812915,-0.9482349835906345,0
R0506,대학가,,흐림,1.3491257013289206,1.86177657458008,0.4179061144316088,0.13410489249941937,0.12100500548402215,1.524410464083036,0
R0507,대학가,일일권,맑음,0.5006427807295576,-1.391259470241381,-1.6664433478930702,-0.4922462553524307,-0.4181021311580768,-0.6734966005157822,0
R0508,공원,일일권,비,-1.0111995141565804,1.112592515772713,0.4179061144316088,-0.27293042316691646,-0.1568425187853674,0.9749336979333314,0
R0509,주거,월회원,흐림,-0.008446971630060392,-0.1623347421977177,-0.22896096008294675,10.932621714514996,-0.5051886686156466,-1.0398144446155853,0
R0510,도심,연회원,맑음,0.7320472136202929,0.04796253746750778,0.058535517479077905,-0.1799999858001731,-0.28125185801046704,-1.6808706717902406,0
R0511,도심,월회원,흐림,-0.2244244423280804,1.2243129455948643,-0.4445833182544651,-0.17256555081083363,-0.13196065094034737,-0.8566555225656838,0
R0512,주거,일일권,흐림,0.6086315160785672,-0.3989191818210968,-0.4445833182544651,-0.3175370331029533,-0.16098949675953728,0.24229800973372537,0
R0513,도심,월회원,흐림,-1.3505926823963257,0.9417259760447174,-0.300835079473453,-0.49410486409976556,-0.2397820782687672,0.5170363928085776,1
R0514,대학가,연회원,맑음,0.3155192344169688,-0.4449217117478651,-0.22896096008294675,0.14339793623609365,0.3366478601408617,-1.3145528276904375,0
R0515,주거,월회원,맑음,0.9788786087037437,-0.8918034310364696,0.058535517479077905,-0.516408169067784,-0.4222491091322468,-0.5819171394908315,0
R0516,도심,월회원,흐림,0.6240584782712826,0.7708594363167218,0.9928990695556581,-0.22832381323087966,-0.4554249329256067,-0.21559929539102843,0
R0517,도심,연회원,맑음,0.5160697429222729,-0.32662949193617535,0.058535517479077905,0.10250854379472664,-0.04902109145694755,-1.131393905640536,0
R0518,대학가,연회원,,-0.2244244423280804,0.7248569063899535,-0.803953915206996,-0.3528505993023157,-0.5881282280990464,0.05913908768382384,0
R0519,공원,일일권,맑음,0.9943055708964595,-2.2784511188290524,0.7772767113841397,-0.5219839953097887,-0.6213040518924063,0.5170363928085776,0
R0520,대학가,일일권,맑음,-0.19357051794264857,-1.522695270032147,0.9928990695556581,1.0318129174621598,0.6891409879453108,1.2496720810081836,1
R0521,대학가,월회원,맑음,0.40808100757326315,-1.9630051993312136,1.280395547117683,-0.31196120686094864,-0.2563699901654471,-1.9556090548650928,0
R0522,주거,일일권,흐림,-0.6100984971459726,0.7182851164004146,0.5616543532126212,-0.32868868558696246,-0.0407271355086076,-0.3071787564159792,0
R0523,공원,일일권,흐림,0.3772270831878319,-0.8918034310364696,-0.1570868406924405,0.2735005485495344,0.26614923457997186,1.1580926199832329,0
R0524,주거,월회원,흐림,0.05326087714080215,0.4356981468502677,1.352269666508189,-0.46436712414240766,-0.6005691620215564,-0.39875821744092993,0
R0525,주거,연회원,,0.6857663270421457,-1.1546750306180018,0.8491508307746463,-0.3026681631242743,-0.3932202633130569,1.3412515420331343,0
R0526,도심,월회원,,-0.08558178259363886,-1.7921386596032176,0.2741578756505966,-0.4104674704696966,-0.4844537787447966,0.9749336979333314,0
R0527,도심,월회원,흐림,0.02240695275537088,0.8825798661388723,-1.3070727509405393,-0.32868868558696246,-0.16928345270787723,-1.2229733666654867,0
R0528,도심,월회원,맑음,1.3336987391362047,0.409410986892115,-1.0195762733785145,-0.5610147790038208,-0.6295980078407464,-0.3071787564159792,0
R0529,도심,일일권,맑음,-0.2552783667135117,1.033731035898254,0.2741578756505966,-0.2431926832095586,-0.11537273904366747,1.4328310030580853,0
R0530,주거,월회원,맑음,0.7937550623911555,-0.3200577019466374,-1.091450392769021,-0.18743442078951256,-0.4015142192613968,2.5317845353574944,0
R0531,주거,일일권,비,-0.6563793837241193,-0.10976042228141145,0.20228375626009037,-0.17628276830550335,-0.12366669499200743,-1.58929121076529,0
R0532,도심,연회원,비,-0.3324131776770901,0.8168619662434892,1.1366473083366706,-0.20416189951552635,-0.18172438663038723,-0.7650760615407329,0
R0533,도심,연회원,맑음,0.5006427807295576,0.9088670260970259,-0.08521272130193426,-0.11494867964345275,-0.0821969152503075,-0.21559929539102843,0
R0534,대학가,일일권,맑음,-0.23985140452079576,-0.5829293015281696,-0.6602056764259838,-0.3732952955229992,-0.3807793293905469,0.5170363928085776,0
R0535,도심,일일권,맑음,-0.14728963136450193,-0.4317781317687883,0.9928990695556581,-0.29523372813493487,-0.5134826245639865,-1.9556090548650928,0
R0536,공원,연회원,흐림,-0.9340647031930018,1.4214666452810134,-0.9477021539880085,-0.09450398342276924,-0.17343043068204728,1.7075693861329375,0
R0537,공원,월회원,맑음,-1.7671206615996493,,0.13040963686958415,0.1062257612893963,0.22467945483827192,1.524410464083036,0
R0538,공원,월회원,흐림,-0.14728963136450193,0.5408467866828811,0.3460319950411029,-0.18929302953684748,-0.2273411443462572,0.1507185487087746,0
R0539,대학가,월회원,흐림,-0.42497495083338394,0.14653938731058283,-0.3727091988639589,0.1787115024354562,0.14588687332904202,-0.12401983436607768,0
R0540,대학가,일일권,흐림,0.48521581853684165,0.5934211065991873,-1.091450392769021,0.13410489249941937,0.18320967509657202,-0.21559929539102843,0
R0541,대학가,월회원,맑음,0.6394854404639986,-1.6738464397915278,-1.2351986315500332,-0.4030330354803571,-0.4139551531839068,-0.21559929539102843,0
R0542,대학가,연회원,맑음,-0.27070532890622706,-0.30034233197802224,0.2741578756505966,0.059760542606024626,-0.036580157534437545,-1.9556090548650928,0
R0543,주거,월회원,비,-0.4095479886406686,0.8365773362121048,2.0710108604132507,-0.46808434163707746,-0.6213040518924063,1.9823077692077897,0
R0544,주거,월회원,맑음,1.7810806427249595,-0.23462443208263917,-1.0195762733785145,0.14897376247809832,0.07124126979398214,0.8833542369083807,0
R0545,대학가,,맑음,-0.980345589771149,-0.6946497313503205,-0.8758280345975022,-0.02759406851871406,-0.11951971701783737,0.42545693178362687,0
R0546,대학가,연회원,맑음,0.3155192344169688,-0.24776801206171595,-0.9477021539880085,-0.48109460286842154,-0.49689471266730667,-0.3071787564159792,0
R0547,도심,연회원,흐림,0.3463731588024006,0.2451162371536574,-1.0195762733785145,-0.24505129195689346,-0.3476035055971869,-0.4903376784658807,0
R0548,공원,연회원,비,-1.0420534385420117,-0.06375789235464313,1.7835143828512263,-0.6186316501712016,-0.6503328977115963,1.524410464083036,0
R0549,주거,일일권,흐림,-1.0266264763492963,-0.5172114016327866,1.352269666508189,-0.5126909515731143,-0.37663235141637685,-1.9556090548650928,0
R0550,주거,일일권,,1.1022943062454693,1.3688923253647072,-0.5164574376449714,-0.2394754657148889,,-0.6734966005157822,0
R0551,주거,월회원,비,-2.0139520566831,1.9274944744754632,1.352269666508189,-0.20416189951552635,-0.007551311715247637,0.42545693178362687,0
R0552,도심,,비,0.4543618941514104,2.0523584842766915,0.9210249501651522,-0.4086088617223617,-0.3558974615455269,0.33387747075867613,0
R0553,주거,일일권,맑음,-0.27070532890622706,-0.766939421235242,-2.1695621836266135,-0.4550740804057334,-0.24807603421710717,0.5170363928085776,0
R0554,주거,,,0.9171707599328811,-1.115244290680772,-1.0195762733785145,-0.2803648581562559,-0.33516257167467695,1.7075693861329375,0
R0555,공원,일일권,흐림,0.1458226502970965,0.05453432745704618,-1.091450392769021,0.3552793334322686,0.25785527863163177,0.24229800973372537,0
R0556,공원,일일권,맑음,1.1948560794017637,-0.5303549816118629,0.9210249501651522,0.3664309859162777,0.2620022566058018,-0.12401983436607768,0
R0557,주거,연회원,맑음,1.4571144366779298,0.17282654726873548,0.48978023382211505,-0.15583807208481984,-0.11537273904366747,-1.864029593840142,0
R0558,대학가,일일권,,0.7011932892348611,-1.2138211405238466,1.0647731889461647,-0.3695780780283295,-0.331015593700507,-1.0398144446155853,0
R0559,도심,일일권,맑음,0.11496872591166525,-0.9049470110155465,-1.1633245121595268,-0.03502850350805353,-0.09049087119864746,0.9749336979333314,0
R0560,도심,연회원,맑음,0.7320472136202929,-0.4646370817164798,-1.0195762733785145,-0.19301024703151723,-0.07804993727613746,-0.39875821744092993,0
R0561,대학가,월회원,맑음,-0.30155925329165884,-0.313485911957099,-0.5883315570354777,0.31253133224356655,0.4278813755726015,0.05913908768382384,0
R0562,주거,일일권,맑음,-0.5792445727605409,-0.3069141219675606,-0.013338601911428017,0.011436715175318133,-0.0034043337410775867,-0.4903376784658807,0
R0563,도심,일일권,맑음,-0.5483906483751096,-0.1360475822395646,0.7772767113841397,-0.460649906647738,-0.48860075671896663,1.9823077692077897,0
R0564,주거,일일권,비,-0.10100874478635476,0.06767790743612298,-0.3727091988639589,-0.22460659573620995,-0.11122576106949741,0.42545693178362687,0
R0565,공원,월회원,맑음,0.13039568810438062,-0.7997983711829335,-1.1633245121595268,-0.5461459090251418,-0.5964221840473863,0.05913908768382384,0
R0566,공원,월회원,맑음,0.4697888563441257,-1.430690210178611,0.48978023382211505,0.1452565449834285,0.17076874117406202,-0.03244037334112692,0
R0567,대학가,일일권,맑음,-0.9032107788075706,-1.3058262003773833,-0.6602056764259838,-0.3101025981136138,-0.0407271355086076,0.05913908768382384,0
R0568,공원,연회원,맑음,-0.023873933822776302,,-0.22896096008294675,-0.21345494325220074,-0.3434565276230169,-0.4903376784658807,0
R0569,도심,월회원,맑음,-0.3478401398698055,-0.07690147233371993,-0.300835079473453,-0.2822234669035908,,-1.497711749740339,0
R0570,주거,연회원,흐림,-1.7979745859850809,0.5211314167142654,-1.5226951091120577,-0.3156784243556184,-0.2149002104237472,-0.3071787564159792,0
R0571,대학가,일일권,맑음,-1.3968735689744727,-0.7866547912038567,0.2741578756505966,-0.1985860732735218,-0.21904718839791726,0.42545693178362687,0
R0572,공원,일일권,맑음,0.06868783933351806,-0.24119622207217756,1.0647731889461647,-0.03131128601338371,-0.0697559813277975,-0.39875821744092993,0
R0573,도심,연회원,맑음,-0.45582887521881577,-0.9049470110155465,-0.08521272130193426,-0.22832381323087966,-0.2895458139588071,0.5170363928085776,0
R0574,도심,일일권,흐림,0.26923834783882217,-0.9706649109109295,-1.091450392769021,0.10994297878406611,0.029771490052282225,0.6086158538335283,1
R0575,주거,연회원,맑음,1.071440381860038,-0.4054909718106352,-1.3789468703310455,1.9592586823822584,1.5724472964435192,-0.6734966005157822,0
R0576,도심,,맑음,-1.5511431909016296,-0.6420754114340143,0.13040963686958415,-0.49782208159443536,-0.331015593700507,-0.3071787564159792,0
R0577,대학가,월회원,흐림,-0.14728963136450193,-0.2937705419884838,0.13040963686958415,-0.37887112176500387,-0.4305430650805867,0.1507185487087746,0
R0578,주거,월회원,비,0.1921035368752437,0.8562927061807196,0.8491508307746463,0.1657012412041121,0.3407948381150316,-0.12401983436607768,0
R0579,주거,연회원,맑음,1.4725413988706457,-1.0298110208167741,-0.3727091988639589,0.03188141139600173,0.0919761596648321,-0.03244037334112692,0
R0580,주거,월회원,맑음,-0.008446971630060392,0.12025222735242923,-0.22896096008294675,8.100101983576659,-0.49689471266730667,-1.0398144446155853,0
R0581,대학가,일일권,맑음,1.4725413988706457,-0.8326573211306251,-0.5164574376449714,-0.24876850945156317,-0.4429839990030967,-0.7650760615407329,0
R0582,공원,일일권,맑음,-0.5946715349532568,-1.1678186105970787,-0.803953915206996,1.477879016822528,1.2572769704065998,0.7001953148584792,0
R0583,주거,일일권,맑음,1.2257100037871949,0.04796253746750778,0.5616543532126212,-0.19301024703151723,0.009036600181432269,-1.9556090548650928,0
R0584,도심,월회원,맑음,-0.05472785820820757,-0.6880779413607822,-1.0195762733785145,-0.45321547165839854,-0.6627738316341063,-0.9482349835906345,0
R0585,도심,연회원,흐림,0.4697888563441257,-1.1086725006912341,0.20228375626009037,-0.27664764066158615,-0.2646639461137871,-1.4061322887153882,0
R0586,도심,월회원,맑음,4.233967631366754,-1.0823853407330803,0.7772767113841397,0.22517672111882786,0.09612313763900214,-1.3145528276904375,0
R0587,공원,연회원,맑음,0.7320472136202929,-0.8786598510573933,0.5616543532126212,0.1880045461721305,0.058800335871472285,-0.8566555225656838,0
R0588,도심,월회원,흐림,-0.48668279960424704,-0.5632139315595545,-1.2351986315500332,-0.2413340744622237,-0.1568425187853674,-0.9482349835906345,0
R0589,주거,연회원,맑음,-1.736266737214218,-0.8129419511620103,0.7054025919936338,-0.23389963947288422,-0.16928345270787723,1.524410464083036,0
R0590,대학가,일일권,비,-1.1808960982764531,-0.1820501121663329,2.28663321858477,-0.39373999174368274,-0.4720128448222866,-1.9556090548650928,0
R0591,도심,일일권,흐림,0.02240695275537088,0.41598277688165297,0.058535517479077905,-0.4309121666903801,-0.4056611972355668,2.257046152282642,0
R0592,주거,일일권,,0.13039568810438062,-0.03747073239649,0.2741578756505966,0.024446976406662255,-0.07390295930196755,1.6159899251079868,0
R0593,주거,일일권,맑음,0.11496872591166525,,0.9210249501651522,-0.43648799293238477,-0.38492630736471684,-0.6734966005157822,0
R0594,주거,월회원,맑음,1.858215453688538,0.7051415364213388,-0.3727091988639589,-0.5052565165837748,-0.2771048800362971,-1.131393905640536,0
R0595,공원,일일권,비,0.1458226502970965,,2.28663321858477,-0.4216191229537058,-0.46786586684811665,-0.21559929539102843,0
R0596,대학가,월회원,맑음,0.1458226502970965,-0.5172114016327866,0.48978023382211505,-0.36214364303899005,-0.3890732853388868,0.24229800973372537,0
R0597,대학가,일일권,흐림,-0.3324131776770901,0.2451162371536574,-0.5164574376449714,-0.544287300277807,-0.3476035055971869,0.8833542369083807,0
R0598,공원,연회원,흐림,0.2538113856461063,1.2768872655111705,0.20228375626009037,-0.2896579018929303,-0.2895458139588071,0.7001953148584792,0
R0599,주거,일일권,맑음,-0.16271659355721732,-0.8195137411515482,0.7054025919936338,0.31996576723290604,0.15832780725155202,1.3412515420331343,0
R0600,주거,연회원,비,-1.5665701530943454,1.9734970044022315,1.5678920246797081,0.15269097997276795,0.36982368393422166,1.524410464083036,0
R0601,도심,월회원,맑음,-0.42497495083338394,-1.2532518804610764,0.2741578756505966,-0.07963511344409029,-0.14440158486285737,0.24229800973372537,0
R0602,도심,연회원,맑음,0.3772270831878319,-1.3255415703459978,-0.9477021539880085,0.18057011118279104,0.0919761596648321,-1.7724501328151914,0
R0603,도심,월회원,맑음,-0.11643570697907012,-0.313485911957099,-1.953939825455095,0.04117445513267603,0.050506379923132186,-0.9482349835906345,0
R0604,주거,월회원,맑음,0.8708898733547339,1.0205874559191772,0.7054025919936338,-0.3305472943342973,-0.10293180512115746,1.1580926199832329,0
R0605,주거,일일권,비,1.0251594952818908,1.1454514657204045,0.20228375626009037,-0.14654502834814556,-0.057315047405287506,0.6086158538335283,0
R0606,대학가,일일권,맑음,1.1640021550163318,-1.4044030502204579,-2.025813944845601,-0.5591561702564859,,0.7917747758834299,0
R0607,공원,월회원,맑음,-0.47125583741153115,-1.6278439098647601,-1.2351986315500332,-0.5424286915304721,-0.4761598227964567,-1.131393905640536,0
R0608,주거,연회원,흐림,1.4416874744852148,0.26483160712227216,-2.1695621836266135,-0.14654502834814556,-0.1858713646045573,-0.21559929539102843,0
R0609,도심,일일권,비,-0.3478401398698055,1.5594742350613184,0.4179061144316088,0.8496692602233431,0.9130777985504905,-1.864029593840142,0
R0610,도심,일일권,맑음,0.9325977221255964,-0.4383499217583267,-0.3727091988639589,-0.10565563590677844,-0.06560900335362746,-0.21559929539102843,0
R0611,주거,연회원,흐림,-0.6872333081095512,1.0468746158773299,1.639766144070214,-0.5591561702564859,-0.6130100959440663,-0.39875821744092993,0
R0612,대학가,연회원,맑음,0.7011932892348611,0.4356981468502677,-1.5226951091120577,-0.04803876473939765,0.21638549888993183,-1.9556090548650928,0
R0613,대학가,일일권,맑음,0.7937550623911555,-1.2729672504296916,-0.6602056764259838,0.2883694185282133,0.36982368393422166,1.2496720810081836,0
R0614,대학가,일일권,흐림,-0.42497495083338394,0.3305495070176552,-0.08521272130193426,-0.11680728839078766,-0.007551311715247637,-0.21559929539102843,0
R0615,주거,연회원,맑음,0.3155192344169688,0.31083413704904045,-1.2351986315500332,-0.19301024703151723,-0.4761598227964567,0.33387747075867613,0
R0616,주거,연회원,맑음,-0.2244244423280804,-1.088957130722619,-1.0195762733785145,-0.27478903191425136,-0.4595719108997767,-0.03244037334112692,0
R0617,공원,일일권,맑음,1.5342492476415082,-0.07032968234418152,0.3460319950411029,-0.18743442078951256,,-0.7650760615407329,0
R0618,도심,일일권,맑음,0.20753049906795906,-2.147015319038286,-0.5883315570354777,-0.06290763471807652,-0.09878482714698741,0.6086158538335283,0
R0619,도심,월회원,흐림,0.1458226502970965,1.4608973852182439,0.7772767113841397,-0.01830102478203976,-0.09049087119864746,-0.21559929539102843,0
R0620,대학가,연회원,맑음,0.6086315160785672,-0.7143651013189357,0.7054025919936338,0.1880045461721305,0.08782918169066219,-0.21559929539102843,0
R0621,도심,일일권,맑음,-0.5175367239896783,-0.004611782448798475,0.7772767113841397,-0.390022774249013,-0.2563699901654471,0.6086158538335283,0
R0622,공원,월회원,비,-0.5638176105678255,1.3951794853228607,-0.4445833182544651,-0.3398403380709716,-0.4471309769772667,-1.3145528276904375,0
R0623,도심,연회원,맑음,-0.1781435557499332,-0.07032968234418152,-0.08521272130193426,-0.4792359941210866,-0.6420389417632564,0.8833542369083807,0
R0624,대학가,일일권,맑음,0.6240584782712826,-0.37263202186294364,-0.013338601911428017,-0.00529076355069564,-0.024139223611927545,-0.39875821744092993,1
R0625,대학가,월회원,,-0.11643570697907012,1.3951794853228607,-0.5883315570354777,-0.09450398342276924,-0.17343043068204728,0.8833542369083807,0
R0626,대학가,월회원,맑음,0.6240584782712826,-1.0823853407330803,0.2741578756505966,0.07648802133203857,-0.01999224563775764,-0.4903376784658807,0
R0627,공원,연회원,비,-0.7952220434585608,1.5594742350613184,0.3460319950411029,0.37758263840028683,0.6227893403585911,-0.3071787564159792,0
R0628,공원,월회원,맑음,-0.23985140452079576,-0.30034233197802224,-0.013338601911428017,-0.39559860049101764,-0.4056611972355668,2.0738872302327405,0
R0629,주거,연회원,흐림,0.7629011380057242,0.3174059270385784,-0.803953915206996,0.08949828256338252,0.03391846802645228,0.05913908768382384,0
R0630,도심,일일권,맑음,-0.5946715349532568,-0.07032968234418152,-0.22896096008294675,0.9128619576327286,0.6393772522552711,1.6159899251079868,0
R0631,대학가,연회원,맑음,0.43893493195869443,0.3174059270385784,-0.4445833182544651,0.011436715175318133,-0.1858713646045573,0.8833542369083807,0
R0632,대학가,연회원,흐림,-0.7026602703022665,0.39626740691303824,-0.8758280345975022,-0.4996806903417702,-0.5259235584864965,-1.131393905640536,0
R0633,공원,월회원,비,0.7474741758130082,1.2177411556053264,2.28663321858477,-0.007149372298030467,0.1417398953548721,-0.5819171394908315,0
R0634,도심,연회원,맑음,0.1612496124898119,-0.3989191818210968,-1.091450392769021,-0.5535803440144813,-0.6171570739182364,-0.5819171394908315,0
R0635,공원,일일권,맑음,0.1766765746825278,-0.4514935017374035,0.7054025919936338,-0.4792359941210866,-0.5134826245639865,1.2496720810081836,0
R0636,도심,일일권,흐림,-1.0266264763492963,0.15311117730012075,-0.3727091988639589,0.8775483914333658,,-0.3071787564159792,0
R0637,도심,일일권,흐림,1.5342492476415082,1.0863053558145603,-0.8758280345975022,-0.5387114740358024,-0.5425114703831765,1.6159899251079868,0
R0638,주거,일일권,비,-0.4404019130260999,1.5791896050299332,0.7772767113841397,-0.23761685696755397,-0.2273411443462572,-0.3071787564159792,0
R0639,주거,월회원,흐림,-0.3478401398698055,1.2111693656157876,-0.300835079473453,-0.3008095543769394,-0.13610762891451741,-0.03244037334112692,0
R0640,주거,월회원,비,1.1948560794017637,0.9877285059714858,1.1366473083366706,-0.5201253865624537,,-1.9556090548650928,0
R0641,대학가,일일권,비,0.4543618941514104,0.4422699368398066,0.9928990695556581,0.3478448984429291,0.5274088469526812,0.05913908768382384,0
R0642,대학가,연회원,흐림,-0.07015482040092348,1.1914539956471728,1.639766144070214,-0.5182667778151188,-0.5839812501248764,,0
R0643,주거,월회원,맑음,1.3491257013289206,0.08739327740473771,0.13040963686958415,-0.2301824219782145,-0.1983122985270673,0.42545693178362687,0
R0644,대학가,일일권,맑음,-0.39412102644795266,-0.4054909718106352,0.058535517479077905,-0.04989737348673248,0.04221242397479223,-1.9556090548650928,0
R0019,주거,일일권,맑음,1.0251594952818908,-1.1415314506389256,-0.5883315570354777,10.127844126918998,-0.4844537787447966,0.5170363928085776,1
R0078,도심,일일권,흐림,1.0868673440527534,0.2516880271431953,-2.1695621836266135,0.03188141139600173,0.2993250583733317,0.7917747758834299,0
R0212,도심,연회원,맑음,-0.42497495083338394,-1.0166674408376974,0.13040963686958415,-0.4179019054590361,-0.4637188888739467,-0.3071787564159792,0
R0409,대학가,,맑음,0.6240584782712826,0.6131364765678021,1.4241437858986956,-0.1707069420634988,-0.12781367296617732,-0.8566555225656838,0
R0513,도심,월회원,흐림,-1.3505926823963257,0.9417259760447174,-0.300835079473453,-0.49410486409976556,-0.2397820782687672,0.5170363928085776,1
R0602,도심,연회원,맑음,0.3772270831878319,-1.3255415703459978,-0.9477021539880085,0.18057011118279104,0.0919761596648321,-1.7724501328151914,0
R0064,대학가,일일권,흐림,1.0097325330891749,0.8957234461179491,-1.1633245121595268,-0.5349942565411326,7.589712336964176,1.3412515420331343,0
R0137,주거,일일권,비,-0.47125583741153115,0.7314286963794915,0.3460319950411029,-0.03502850350805353,0.17906269712240197,-0.5819171394908315,0
